time (since java epoch),submitter name,uuid,runtime(jar),total runtime(start shadow to receive result)
1554989494814,Workstation_2,00000000-0000-0000-0000-000000000003,2271,2347
1554989495032,Workstation_2,00000000-0000-0000-0000-000000000004,2452,2466
1554989496799,Workstation_2,00000000-0000-0000-0000-000000000000,4525,4685
1554989497552,Workstation_2,00000000-0000-0000-0000-000000000088,2501,2504
1554989497773,Workstation_2,00000000-0000-0000-0000-0000000000e0,2935,2962
1554989499300,Workstation_2,00000000-0000-0000-0000-000000000030,1713,1732
1554989501435,Workstation_2,00000000-0000-0000-0000-00000000031f,3641,3654
1554989501664,Workstation_2,00000000-0000-0000-0000-00000000006e,4842,4862
1554989502591,Workstation_2,00000000-0000-0000-0000-00000000031d,1133,1146
1554989502792,Workstation_2,00000000-0000-0000-0000-00000000031e,3474,3478
1554989505136,Workstation_2,00000000-0000-0000-0000-00000000031c,3453,3466
1554989506086,Workstation_2,00000000-0000-0000-0000-00000000031b,3476,3488
1554989506243,Workstation_2,00000000-0000-0000-0000-000000000319,1085,1097
1554989506453,Workstation_2,00000000-0000-0000-0000-00000000031a,3629,3632
1554989509158,Workstation_2,00000000-0000-0000-0000-000000000317,2890,2905
1554989510408,Workstation_2,00000000-0000-0000-0000-000000000318,4299,4312
1554989510783,Workstation_2,00000000-0000-0000-0000-000000000315,1605,1618
1554989511594,Workstation_2,00000000-0000-0000-0000-000000000316,5123,5125
1554989511598,Workstation_2,00000000-0000-0000-0000-000000000314,1084,1094
1554989514271,Workstation_2,00000000-0000-0000-0000-000000000311,2651,2651
1554989515359,Workstation_2,00000000-0000-0000-0000-000000000313,4554,4567
1554989516316,Workstation_2,00000000-0000-0000-0000-000000000312,4694,4709
1554989516910,Workstation_2,00000000-0000-0000-0000-000000000310,2624,2626
1554989518096,Workstation_2,00000000-0000-0000-0000-00000000030f,2712,2726
1554989518520,Workstation_2,00000000-0000-0000-0000-00000000030e,2186,2199
1554989520209,Workstation_2,00000000-0000-0000-0000-00000000030d,3283,3288
1554989522190,Workstation_2,00000000-0000-0000-0000-00000000030c,4068,4087
1554989522339,Workstation_2,00000000-0000-0000-0000-00000000030b,3799,3812
1554989524424,Workstation_2,00000000-0000-0000-0000-000000000309,2219,2231
1554989525065,Workstation_2,00000000-0000-0000-0000-00000000030a,4834,4837
1554989526621,Workstation_2,00000000-0000-0000-0000-000000000308,4261,4275
1554989526781,Workstation_2,00000000-0000-0000-0000-000000000306,1698,1703
1554989528518,Workstation_2,00000000-0000-0000-0000-000000000307,4065,4081
1554989528792,Workstation_2,00000000-0000-0000-0000-000000000304,2000,2002
1554989530832,Workstation_2,00000000-0000-0000-0000-000000000305,4168,4184
1554989531169,Workstation_2,00000000-0000-0000-0000-000000000302,2362,2366
1554989532263,Workstation_2,00000000-0000-0000-0000-000000000303,3720,3739
1554989533989,Workstation_2,00000000-0000-0000-0000-000000000300,2809,2811
1554989534273,Workstation_2,00000000-0000-0000-0000-000000000301,3417,3431
1554989536249,Workstation_2,00000000-0000-0000-0000-0000000002ff,3960,3975
1554989537554,Workstation_2,00000000-0000-0000-0000-0000000002fd,3263,3275
1554989537879,Workstation_2,00000000-0000-0000-0000-0000000002fc,1609,1623
1554989538576,Workstation_2,00000000-0000-0000-0000-0000000002fe,4574,4576
1554989539198,Workstation_2,00000000-0000-0000-0000-0000000002fb,1626,1635
1554989541557,Workstation_2,00000000-0000-0000-0000-0000000002f9,2965,2967
1554989541742,Workstation_2,00000000-0000-0000-0000-0000000002fa,3841,3856
1554989543743,Workstation_2,00000000-0000-0000-0000-0000000002f8,4525,4536
1554989544070,Workstation_2,00000000-0000-0000-0000-0000000002f6,2311,2323
1554989545515,Workstation_2,00000000-0000-0000-0000-0000000002f7,3938,3941
1554989548418,Workstation_2,00000000-0000-0000-0000-0000000002f5,4658,4669
1554989549043,Workstation_2,00000000-0000-0000-0000-0000000002f4,4948,4961
1554989550449,Workstation_2,00000000-0000-0000-0000-0000000002f3,4915,4916
1554989552015,Workstation_2,00000000-0000-0000-0000-0000000002f2,3576,3588
1554989553995,Workstation_2,00000000-0000-0000-0000-0000000002f1,4933,4946
1554989554790,Workstation_2,00000000-0000-0000-0000-0000000002f0,4327,4332
1554989556616,Workstation_2,00000000-0000-0000-0000-0000000002ef,4582,4592
1554989557654,Workstation_2,00000000-0000-0000-0000-0000000002ed,2853,2855
1554989558025,Workstation_2,00000000-0000-0000-0000-0000000002ee,4000,4020
1554989558854,Workstation_2,00000000-0000-0000-0000-0000000002eb,1190,1191
1554989560641,Workstation_2,00000000-0000-0000-0000-0000000002ec,4010,4020
1554989561431,Workstation_2,00000000-0000-0000-0000-0000000002ea,3385,3398
1554989561725,Workstation_2,00000000-0000-0000-0000-0000000002e9,2857,2863
1554989563165,Workstation_2,00000000-0000-0000-0000-0000000002e6,1428,1430
1554989564595,Workstation_2,00000000-0000-0000-0000-0000000002e7,3135,3158
1554989565172,Workstation_2,00000000-0000-0000-0000-0000000002e8,4516,4524
1554989565955,Workstation_2,00000000-0000-0000-0000-0000000002e4,1342,1353
1554989566316,Workstation_2,00000000-0000-0000-0000-0000000002e3,1120,1132
1554989566546,Workstation_2,00000000-0000-0000-0000-0000000002e5,3370,3371
1554989567506,Workstation_2,00000000-0000-0000-0000-0000000002e1,1170,1182
1554989568392,Workstation_2,00000000-0000-0000-0000-0000000002e0,1830,1834
1554989569591,Workstation_2,00000000-0000-0000-0000-0000000002de,1190,1192
1554989570529,Workstation_2,00000000-0000-0000-0000-0000000002df,3007,3016
1554989570890,Workstation_2,00000000-0000-0000-0000-0000000002e2,4917,4930
1554989573598,Workstation_2,00000000-0000-0000-0000-0000000002db,2689,2699
1554989573896,Workstation_2,00000000-0000-0000-0000-0000000002dd,4295,4297
1554989575179,Workstation_2,00000000-0000-0000-0000-0000000002dc,4564,4574
1554989577114,Workstation_2,00000000-0000-0000-0000-0000000002d8,1920,1928
1554989577407,Workstation_2,00000000-0000-0000-0000-0000000002da,3791,3801
1554989577597,Workstation_2,00000000-0000-0000-0000-0000000002d9,3689,3690
1554989579862,Workstation_2,00000000-0000-0000-0000-0000000002d5,2250,2251
1554989580674,Workstation_2,00000000-0000-0000-0000-0000000002d7,3536,3549
1554989580961,Workstation_2,00000000-0000-0000-0000-0000000002d6,3539,3548
1554989583036,Workstation_2,00000000-0000-0000-0000-0000000002d2,2057,2067
1554989584165,Workstation_2,00000000-0000-0000-0000-0000000002d3,3474,3483
1554989584421,Workstation_2,00000000-0000-0000-0000-0000000002d4,4546,4548
1554989585295,Workstation_2,00000000-0000-0000-0000-0000000002d0,1113,1122
1554989586254,Workstation_2,00000000-0000-0000-0000-0000000002d1,3200,3211
1554989587529,Workstation_2,00000000-0000-0000-0000-0000000002cd,1257,1268
1554989587571,Workstation_2,00000000-0000-0000-0000-0000000002ce,2264,2271
1554989588812,Workstation_2,00000000-0000-0000-0000-0000000002cc,1268,1278
1554989589514,Workstation_2,00000000-0000-0000-0000-0000000002cf,5085,5086
1554989590364,Workstation_2,00000000-0000-0000-0000-0000000002cb,2774,2787
1554989591400,Workstation_2,00000000-0000-0000-0000-0000000002c9,1875,1875
1554989592366,Workstation_2,00000000-0000-0000-0000-0000000002ca,3534,3543
1554989593140,Workstation_2,00000000-0000-0000-0000-0000000002c8,2761,2771
1554989593495,Workstation_2,00000000-0000-0000-0000-0000000002c7,2086,2088
1554989593855,Workstation_2,00000000-0000-0000-0000-0000000002c6,1471,1483
1554989595286,Workstation_2,00000000-0000-0000-0000-0000000002c5,2125,2135
1554989596030,Workstation_2,00000000-0000-0000-0000-0000000002c3,2160,2169
1554989597092,Workstation_2,00000000-0000-0000-0000-0000000002c4,3588,3590
1554989597513,Workstation_2,00000000-0000-0000-0000-0000000002c2,2209,2220
1554989598620,Workstation_2,00000000-0000-0000-0000-0000000002bf,1085,1100
1554989599828,Workstation_2,00000000-0000-0000-0000-0000000002c0,2727,2729
1554989599942,Workstation_2,00000000-0000-0000-0000-0000000002be,1307,1316
1554989600038,Workstation_2,00000000-0000-0000-0000-0000000002c1,3994,4003
1554989601993,Workstation_2,00000000-0000-0000-0000-0000000002bd,2155,2158
1554989604447,Workstation_2,00000000-0000-0000-0000-0000000002bb,4393,4403
1554989604848,Workstation_2,00000000-0000-0000-0000-0000000002bc,4892,4902
1554989606075,Workstation_2,00000000-0000-0000-0000-0000000002b8,1212,1221
1554989606454,Workstation_2,00000000-0000-0000-0000-0000000002ba,4451,4452
1554989607234,Workstation_2,00000000-0000-0000-0000-0000000002b9,2770,2783
1554989607666,Workstation_2,00000000-0000-0000-0000-0000000002b6,1204,1205
1554989608261,Workstation_2,00000000-0000-0000-0000-0000000002b7,2169,2177
1554989608792,Workstation_2,00000000-0000-0000-0000-0000000002b5,1540,1550
1554989609607,Workstation_2,00000000-0000-0000-0000-0000000002b3,1330,1340
1554989611382,Workstation_2,00000000-0000-0000-0000-0000000002b4,3708,3709
1554989613322,Workstation_2,00000000-0000-0000-0000-0000000002b2,4514,4523
1554989614217,Workstation_2,00000000-0000-0000-0000-0000000002b1,4598,4606
1554989615027,Workstation_2,00000000-0000-0000-0000-0000000002b0,3634,3636
1554989615150,Workstation_2,00000000-0000-0000-0000-0000000002af,1807,1821
1554989615587,Workstation_2,00000000-0000-0000-0000-0000000002ae,1352,1365
1554989618329,Workstation_2,00000000-0000-0000-0000-0000000002ab,2725,2738
1554989618793,Workstation_2,00000000-0000-0000-0000-0000000002ad,3755,3758
1554989619162,Workstation_2,00000000-0000-0000-0000-0000000002ac,3996,4006
1554989620465,Workstation_2,00000000-0000-0000-0000-0000000002aa,2114,2128
1554989621922,Workstation_2,00000000-0000-0000-0000-0000000002a8,2747,2757
1554989622398,Workstation_2,00000000-0000-0000-0000-0000000002a9,3593,3594
1554989623048,Workstation_2,00000000-0000-0000-0000-0000000002a6,1113,1121
1554989624372,Workstation_2,00000000-0000-0000-0000-0000000002a5,1959,1960
1554989624694,Workstation_2,00000000-0000-0000-0000-0000000002a4,1630,1642
1554989624757,Workstation_2,00000000-0000-0000-0000-0000000002a7,4275,4286
1554989625907,Workstation_2,00000000-0000-0000-0000-0000000002a3,1520,1522
1554989626261,Workstation_2,00000000-0000-0000-0000-0000000002a2,1546,1562
1554989628560,Workstation_2,00000000-0000-0000-0000-0000000002a1,3789,3799
1554989629113,Workstation_2,00000000-0000-0000-0000-0000000002a0,3197,3199
1554989629783,Workstation_2,00000000-0000-0000-0000-00000000029e,1205,1217
1554989630494,Workstation_2,00000000-0000-0000-0000-00000000029f,4221,4229
1554989632073,Workstation_2,00000000-0000-0000-0000-00000000029b,1563,1574
1554989632568,Workstation_2,00000000-0000-0000-0000-00000000029c,2771,2780
1554989633684,Workstation_2,00000000-0000-0000-0000-00000000029d,4563,4564
1554989633967,Workstation_2,00000000-0000-0000-0000-000000000299,1386,1394
1554989635008,Workstation_2,00000000-0000-0000-0000-000000000298,1313,1314
1554989635675,Workstation_2,00000000-0000-0000-0000-00000000029a,3584,3596
1554989637089,Workstation_2,00000000-0000-0000-0000-000000000297,3108,3118
1554989637831,Workstation_2,00000000-0000-0000-0000-000000000295,2143,2150
1554989638953,Workstation_2,00000000-0000-0000-0000-000000000294,1849,1859
1554989639433,Workstation_2,00000000-0000-0000-0000-000000000296,4417,4419
1554989640879,Workstation_2,00000000-0000-0000-0000-000000000292,1908,1921
1554989641175,Workstation_2,00000000-0000-0000-0000-000000000293,3331,3339
1554989642196,Workstation_2,00000000-0000-0000-0000-000000000291,2755,2756
1554989642311,Workstation_2,00000000-0000-0000-0000-00000000028f,1118,1131
1554989642556,Workstation_2,00000000-0000-0000-0000-000000000290,1660,1672
1554989646003,Workstation_2,00000000-0000-0000-0000-00000000028c,3429,3441
1554989646359,Workstation_2,00000000-0000-0000-0000-00000000028e,4154,4156
1554989646584,Workstation_2,00000000-0000-0000-0000-00000000028d,4256,4268
1554989647837,Workstation_2,00000000-0000-0000-0000-00000000028b,1820,1829
1554989649953,Workstation_2,00000000-0000-0000-0000-00000000028a,3585,3586
1554989649977,Workstation_2,00000000-0000-0000-0000-000000000288,2119,2126
1554989651101,Workstation_2,00000000-0000-0000-0000-000000000289,4500,4510
1554989653640,Workstation_2,00000000-0000-0000-0000-000000000287,3677,3679
1554989654148,Workstation_2,00000000-0000-0000-0000-000000000286,4155,4163
1554989654883,Workstation_2,00000000-0000-0000-0000-000000000285,3768,3778
1554989656060,Workstation_2,00000000-0000-0000-0000-000000000282,1156,1172
1554989656504,Workstation_2,00000000-0000-0000-0000-000000000284,2854,2856
1554989656772,Workstation_2,00000000-0000-0000-0000-000000000283,2608,2620
1554989659404,Workstation_2,00000000-0000-0000-0000-000000000281,3328,3339
1554989659742,Workstation_2,00000000-0000-0000-0000-00000000027f,2954,2962
1554989661480,Workstation_2,00000000-0000-0000-0000-000000000280,4968,4969
1554989661777,Workstation_2,00000000-0000-0000-0000-00000000027e,2350,2364
1554989664421,Workstation_2,00000000-0000-0000-0000-00000000027d,4663,4674
1554989665510,Workstation_2,00000000-0000-0000-0000-00000000027c,4022,4024
1554989666665,Workstation_2,00000000-0000-0000-0000-00000000027b,4867,4883
1554989667173,Workstation_2,00000000-0000-0000-0000-00000000027a,2740,2747
1554989668648,Workstation_2,00000000-0000-0000-0000-000000000278,1973,1980
1554989669817,Workstation_2,00000000-0000-0000-0000-000000000279,4301,4301
1554989671505,Workstation_2,00000000-0000-0000-0000-000000000277,4309,4324
1554989672700,Workstation_2,00000000-0000-0000-0000-000000000276,4036,4045
1554989673197,Workstation_2,00000000-0000-0000-0000-000000000275,3369,3370
1554989674894,Workstation_2,00000000-0000-0000-0000-000000000274,3374,3383
1554989675004,Workstation_2,00000000-0000-0000-0000-000000000273,2286,2296
1554989677202,Workstation_2,00000000-0000-0000-0000-000000000271,2296,2303
1554989677822,Workstation_2,00000000-0000-0000-0000-000000000272,4616,4618
1554989678379,Workstation_2,00000000-0000-0000-0000-000000000270,3361,3371
1554989678502,Workstation_2,00000000-0000-0000-0000-00000000026f,1285,1296
1554989679657,Workstation_2,00000000-0000-0000-0000-00000000026d,1265,1276
1554989681665,Workstation_2,00000000-0000-0000-0000-00000000026c,3147,3157
1554989682615,Workstation_2,00000000-0000-0000-0000-00000000026e,4782,4784
1554989684014,Workstation_2,00000000-0000-0000-0000-00000000026b,4341,4350
1554989684924,Workstation_2,00000000-0000-0000-0000-00000000026a,3245,3256
1554989685489,Workstation_2,00000000-0000-0000-0000-000000000269,2865,2867
1554989685639,Workstation_2,00000000-0000-0000-0000-000000000268,1608,1620
1554989686803,Workstation_2,00000000-0000-0000-0000-000000000265,1153,1159
1554989687200,Workstation_2,00000000-0000-0000-0000-000000000267,2260,2269
1554989689680,Workstation_2,00000000-0000-0000-0000-000000000266,4184,4186
1554989690613,Workstation_2,00000000-0000-0000-0000-000000000263,3398,3409
1554989691779,Workstation_2,00000000-0000-0000-0000-000000000264,4963,4970
1554989692904,Workstation_2,00000000-0000-0000-0000-000000000262,3216,3217
1554989693345,Workstation_2,00000000-0000-0000-0000-000000000260,1549,1561
1554989695694,Workstation_2,00000000-0000-0000-0000-000000000261,5062,5075
1554989696225,Workstation_2,00000000-0000-0000-0000-00000000025e,2866,2874
1554989697991,Workstation_2,00000000-0000-0000-0000-00000000025f,5079,5081
1554989698874,Workstation_2,00000000-0000-0000-0000-00000000025c,2632,2645
1554989699230,Workstation_2,00000000-0000-0000-0000-00000000025b,1229,1232
1554989700175,Workstation_2,00000000-0000-0000-0000-00000000025d,4464,4475
1554989701661,Workstation_2,00000000-0000-0000-0000-000000000259,2411,2415
1554989702425,Workstation_2,00000000-0000-0000-0000-00000000025a,3536,3546
1554989702935,Workstation_2,00000000-0000-0000-0000-000000000257,1267,1268
1554989704549,Workstation_2,00000000-0000-0000-0000-000000000256,2110,2120
1554989704903,Workstation_2,00000000-0000-0000-0000-000000000258,4711,4720
1554989705986,Workstation_2,00000000-0000-0000-0000-000000000255,3033,3035
1554989706053,Workstation_2,00000000-0000-0000-0000-000000000253,1138,1146
1554989706770,Workstation_2,00000000-0000-0000-0000-000000000254,2206,2217
1554989707801,Workstation_2,00000000-0000-0000-0000-000000000251,1730,1739
1554989709010,Workstation_2,00000000-0000-0000-0000-000000000250,2226,2234
1554989711007,Workstation_2,00000000-0000-0000-0000-000000000252,5007,5008
1554989711305,Workstation_2,00000000-0000-0000-0000-00000000024f,3491,3499
1554989711436,Workstation_2,00000000-0000-0000-0000-00000000024e,2374,2421
1554989712811,Workstation_2,00000000-0000-0000-0000-00000000024c,1492,1502
1554989714204,Workstation_2,00000000-0000-0000-0000-00000000024d,3190,3191
1554989716349,Workstation_2,00000000-0000-0000-0000-00000000024b,4897,4913
1554989716704,Workstation_2,00000000-0000-0000-0000-00000000024a,3884,3890
1554989718474,Workstation_2,00000000-0000-0000-0000-000000000248,2110,2119
1554989719163,Workstation_2,00000000-0000-0000-0000-000000000249,4951,4953
1554989719843,Workstation_2,00000000-0000-0000-0000-000000000247,3122,3132
1554989722775,Workstation_2,00000000-0000-0000-0000-000000000246,4287,4297
1554989723130,Workstation_2,00000000-0000-0000-0000-000000000245,3961,3962
1554989723981,Workstation_2,00000000-0000-0000-0000-000000000244,4122,4132
1554989725018,Workstation_2,00000000-0000-0000-0000-000000000243,2230,2239
1554989727944,Workstation_2,00000000-0000-0000-0000-000000000241,3950,3959
1554989727989,Workstation_2,00000000-0000-0000-0000-000000000242,4852,4854
1554989729498,Workstation_2,00000000-0000-0000-0000-000000000240,4465,4476
1554989730443,Workstation_2,00000000-0000-0000-0000-00000000023e,2435,2438
1554989730603,Workstation_2,00000000-0000-0000-0000-00000000023d,1087,1096
1554989731774,Workstation_2,00000000-0000-0000-0000-00000000023f,3818,3827
1554989732136,Workstation_2,00000000-0000-0000-0000-00000000023c,1682,1684
1554989733617,Workstation_2,00000000-0000-0000-0000-00000000023b,2999,3008
1554989734118,Workstation_2,00000000-0000-0000-0000-00000000023a,2331,2340
1554989735306,Workstation_2,00000000-0000-0000-0000-000000000239,3155,3156
1554989735603,Workstation_2,00000000-0000-0000-0000-000000000237,1470,1478
1554989736661,Workstation_2,00000000-0000-0000-0000-000000000238,3026,3034
1554989736937,Workstation_2,00000000-0000-0000-0000-000000000235,1319,1329
1554989737345,Workstation_2,00000000-0000-0000-0000-000000000236,2028,2029
1554989739011,Workstation_2,00000000-0000-0000-0000-000000000233,2055,2069
1554989739466,Workstation_2,00000000-0000-0000-0000-000000000234,2790,2799
1554989739931,Workstation_2,00000000-0000-0000-0000-000000000232,2573,2574
1554989740562,Workstation_2,00000000-0000-0000-0000-000000000231,1531,1541
1554989741411,Workstation_2,00000000-0000-0000-0000-000000000230,1934,1940
1554989743840,Workstation_2,00000000-0000-0000-0000-00000000022d,2417,2424
1554989744096,Workstation_2,00000000-0000-0000-0000-00000000022f,4158,4159
1554989745265,Workstation_2,00000000-0000-0000-0000-00000000022e,4690,4698
1554989745936,Workstation_2,00000000-0000-0000-0000-00000000022c,2078,2091
1554989748081,Workstation_2,00000000-0000-0000-0000-00000000022b,3973,3974
1554989748744,Workstation_2,00000000-0000-0000-0000-00000000022a,3465,3474
1554989750322,Workstation_2,00000000-0000-0000-0000-000000000229,4374,4381
1554989751595,Workstation_2,00000000-0000-0000-0000-000000000226,1259,1268
1554989752233,Workstation_2,00000000-0000-0000-0000-000000000228,4141,4143
1554989752766,Workstation_2,00000000-0000-0000-0000-000000000227,4002,4013
1554989752830,Workstation_2,00000000-0000-0000-0000-000000000225,1223,1231
1554989754116,Workstation_2,00000000-0000-0000-0000-000000000222,1266,1278
1554989755668,Workstation_2,00000000-0000-0000-0000-000000000224,3419,3420
1554989755894,Workstation_2,00000000-0000-0000-0000-000000000223,3114,3121
1554989757575,Workstation_2,00000000-0000-0000-0000-000000000221,3438,3445
1554989758762,Workstation_2,00000000-0000-0000-0000-000000000220,3085,3086
1554989760208,Workstation_2,00000000-0000-0000-0000-00000000021e,2614,2628
1554989760856,Workstation_2,00000000-0000-0000-0000-00000000021d,2080,2084
1554989760972,Workstation_2,00000000-0000-0000-0000-00000000021f,5065,5073
1554989763180,Workstation_2,00000000-0000-0000-0000-00000000021a,2197,2205
1554989764913,Workstation_2,00000000-0000-0000-0000-00000000021c,4687,4699
1554989766001,Workstation_2,00000000-0000-0000-0000-00000000021b,5136,5138
1554989766597,Workstation_2,00000000-0000-0000-0000-000000000219,3402,3412
1554989769044,Workstation_2,00000000-0000-0000-0000-000000000216,2430,2442
1554989769902,Workstation_2,00000000-0000-0000-0000-000000000218,4978,4985
1554989770938,Workstation_2,00000000-0000-0000-0000-000000000217,4929,4931
1554989773229,Workstation_2,00000000-0000-0000-0000-000000000215,4171,4180
1554989773631,Workstation_2,00000000-0000-0000-0000-000000000213,2685,2686
1554989774523,Workstation_2,00000000-0000-0000-0000-000000000214,4605,4614
1554989775348,Workstation_2,00000000-0000-0000-0000-000000000211,1707,1709
1554989778162,Workstation_2,00000000-0000-0000-0000-000000000212,4920,4928
1554989779147,Workstation_2,00000000-0000-0000-0000-000000000210,4613,4620
1554989780469,Workstation_2,00000000-0000-0000-0000-00000000020f,5113,5114
1554989781732,Workstation_2,00000000-0000-0000-0000-00000000020e,3559,3566
1554989782468,Workstation_2,00000000-0000-0000-0000-00000000020c,1990,1992
1554989782934,Workstation_2,00000000-0000-0000-0000-00000000020d,3773,3783
1554989785295,Workstation_2,00000000-0000-0000-0000-00000000020b,3550,3558
1554989785876,Workstation_2,00000000-0000-0000-0000-00000000020a,3398,3400
1554989787455,Workstation_2,00000000-0000-0000-0000-000000000209,4511,4517
1554989789471,Workstation_2,00000000-0000-0000-0000-000000000207,3583,3585
1554989789552,Workstation_2,00000000-0000-0000-0000-000000000208,4245,4252
1554989789986,Workstation_2,00000000-0000-0000-0000-000000000206,2517,2525
1554989791371,Workstation_2,00000000-0000-0000-0000-000000000205,1889,1890
1554989792226,Workstation_2,00000000-0000-0000-0000-000000000203,2226,2235
1554989793474,Workstation_2,00000000-0000-0000-0000-000000000204,3911,3917
1554989793977,Workstation_2,00000000-0000-0000-0000-000000000202,2598,2599
1554989796376,Workstation_2,00000000-0000-0000-0000-0000000001ff,2385,2386
1554989796403,Workstation_2,00000000-0000-0000-0000-000000000200,2789,2920
1554989796685,Workstation_2,00000000-0000-0000-0000-000000000201,4444,4455
1554989798026,Workstation_2,00000000-0000-0000-0000-0000000001fd,1611,1618
1554989798756,Workstation_2,00000000-0000-0000-0000-0000000001fe,2370,2371
1554989799630,Workstation_2,00000000-0000-0000-0000-0000000001fc,2931,2941
1554989800732,Workstation_2,00000000-0000-0000-0000-0000000001fb,2693,2700
1554989803518,Workstation_2,00000000-0000-0000-0000-0000000001fa,4754,4754
1554989804251,Workstation_2,00000000-0000-0000-0000-0000000001f9,4608,4616
1554989805345,Workstation_2,00000000-0000-0000-0000-0000000001f8,4601,4609
1554989807872,Workstation_2,00000000-0000-0000-0000-0000000001f7,4346,4347
1554989808337,Workstation_2,00000000-0000-0000-0000-0000000001f6,4069,4078
1554989809478,Workstation_2,00000000-0000-0000-0000-0000000001f5,4120,4128
1554989810010,Workstation_2,00000000-0000-0000-0000-0000000001f4,2131,2131
1554989810200,Workstation_2,00000000-0000-0000-0000-0000000001f3,1846,1854
1554989811510,Workstation_2,00000000-0000-0000-0000-0000000001f1,1486,1487
1554989812884,Workstation_2,00000000-0000-0000-0000-0000000001f2,3395,3401
1554989813724,Workstation_2,00000000-0000-0000-0000-0000000001ef,2205,2206
1554989814382,Workstation_2,00000000-0000-0000-0000-0000000001f0,4170,4178
1554989815316,Workstation_2,00000000-0000-0000-0000-0000000001ee,2420,2427
1554989816034,Workstation_2,00000000-0000-0000-0000-0000000001ec,1641,1647
1554989816556,Workstation_2,00000000-0000-0000-0000-0000000001eb,1220,1234
1554989817844,Workstation_2,00000000-0000-0000-0000-0000000001ed,4110,4111
1554989819640,Workstation_2,00000000-0000-0000-0000-0000000001ea,3591,3601
1554989819653,Workstation_2,00000000-0000-0000-0000-0000000001e9,3086,3092
1554989819670,Workstation_2,00000000-0000-0000-0000-0000000001e8,1817,1818
1554989821098,Workstation_2,00000000-0000-0000-0000-0000000001e7,1442,1454
1554989821591,Workstation_2,00000000-0000-0000-0000-0000000001e5,1915,1916
1554989822172,Workstation_2,00000000-0000-0000-0000-0000000001e6,2507,2514
1554989824751,Workstation_2,00000000-0000-0000-0000-0000000001e4,3638,3646
1554989825962,Workstation_2,00000000-0000-0000-0000-0000000001e3,4362,4363
1554989825977,Workstation_2,00000000-0000-0000-0000-0000000001e1,1210,1218
1554989826855,Workstation_2,00000000-0000-0000-0000-0000000001e2,4669,4679
1554989827781,Workstation_2,00000000-0000-0000-0000-0000000001df,1790,1800
1554989828629,Workstation_2,00000000-0000-0000-0000-0000000001e0,2658,2660
1554989830888,Workstation_2,00000000-0000-0000-0000-0000000001dd,3094,3103
1554989831612,Workstation_2,00000000-0000-0000-0000-0000000001de,4742,4752
1554989833574,Workstation_2,00000000-0000-0000-0000-0000000001dc,4939,4940
1554989834051,Workstation_2,00000000-0000-0000-0000-0000000001db,3149,3159
1554989834518,Workstation_2,00000000-0000-0000-0000-0000000001da,2895,2902
1554989837034,Workstation_2,00000000-0000-0000-0000-0000000001d9,3446,3447
1554989837094,Workstation_2,00000000-0000-0000-0000-0000000001d8,3031,3038
1554989839361,Workstation_2,00000000-0000-0000-0000-0000000001d7,4821,4833
1554989840481,Workstation_2,00000000-0000-0000-0000-0000000001d5,3363,3378
1554989840748,Workstation_2,00000000-0000-0000-0000-0000000001d4,1376,1383
1554989841515,Workstation_2,00000000-0000-0000-0000-0000000001d6,4475,4475
1554989841661,Workstation_2,00000000-0000-0000-0000-0000000001d3,1165,1175
1554989842852,Workstation_2,00000000-0000-0000-0000-0000000001d2,2089,2100
1554989843636,Workstation_2,00000000-0000-0000-0000-0000000001d0,1962,1970
1554989844260,Workstation_2,00000000-0000-0000-0000-0000000001cf,1395,1402
1554989845429,Workstation_2,00000000-0000-0000-0000-0000000001d1,3907,3908
1554989846216,Workstation_2,00000000-0000-0000-0000-0000000001ce,2568,2575
1554989846228,Workstation_2,00000000-0000-0000-0000-0000000001cd,1956,1963
1554989846924,Workstation_2,00000000-0000-0000-0000-0000000001cc,1489,1489
1554989847996,Workstation_2,00000000-0000-0000-0000-0000000001cb,1768,1774
1554989850067,Workstation_2,00000000-0000-0000-0000-0000000001c9,3135,3136
1554989850304,Workstation_2,00000000-0000-0000-0000-0000000001ca,4065,4071
1554989850580,Workstation_2,00000000-0000-0000-0000-0000000001c8,2571,2580
1554989853559,Workstation_2,00000000-0000-0000-0000-0000000001c5,2961,2970
1554989854268,Workstation_2,00000000-0000-0000-0000-0000000001c7,4195,4195
1554989855048,Workstation_2,00000000-0000-0000-0000-0000000001c6,4733,4739
1554989855826,Workstation_2,00000000-0000-0000-0000-0000000001c4,2248,2257
1554989856541,Workstation_2,00000000-0000-0000-0000-0000000001c3,2263,2268
1554989857877,Workstation_2,00000000-0000-0000-0000-0000000001c2,2819,2825
1554989859078,Workstation_2,00000000-0000-0000-0000-0000000001c1,3235,3242
1554989859695,Workstation_2,00000000-0000-0000-0000-0000000001c0,3147,3148
1554989861604,Workstation_2,00000000-0000-0000-0000-0000000001bf,3709,3718
1554989862171,Workstation_2,00000000-0000-0000-0000-0000000001bd,2469,2469
1554989862780,Workstation_2,00000000-0000-0000-0000-0000000001be,3675,3697
1554989863258,Workstation_2,00000000-0000-0000-0000-0000000001bc,1640,1649
1554989864945,Workstation_2,00000000-0000-0000-0000-0000000001bb,2764,2764
1554989866356,Workstation_2,00000000-0000-0000-0000-0000000001ba,3562,3569
1554989866989,Workstation_2,00000000-0000-0000-0000-0000000001b8,2036,2037
1554989867121,Workstation_2,00000000-0000-0000-0000-0000000001b9,3848,3858
1554989867774,Workstation_2,00000000-0000-0000-0000-0000000001b7,1405,1414
1554989868249,Workstation_2,00000000-0000-0000-0000-0000000001b6,1250,1250
1554989870672,Workstation_2,00000000-0000-0000-0000-0000000001b4,2883,2890
1554989872213,Workstation_2,00000000-0000-0000-0000-0000000001b5,5073,5082
1554989873118,Workstation_2,00000000-0000-0000-0000-0000000001b3,4856,4856
1554989874801,Workstation_2,00000000-0000-0000-0000-0000000001b2,4115,4123
1554989875479,Workstation_2,00000000-0000-0000-0000-0000000001b1,3251,3258
1554989876064,Workstation_2,00000000-0000-0000-0000-0000000001af,1249,1257
1554989876347,Workstation_2,00000000-0000-0000-0000-0000000001b0,3221,3223
1554989878085,Workstation_2,00000000-0000-0000-0000-0000000001ac,1729,1730
1554989879453,Workstation_2,00000000-0000-0000-0000-0000000001ad,3377,3385
1554989879556,Workstation_2,00000000-0000-0000-0000-0000000001ae,4063,4072
1554989880647,Workstation_2,00000000-0000-0000-0000-0000000001ab,2551,2553
1554989882850,Workstation_2,00000000-0000-0000-0000-0000000001a9,3276,3285
1554989883050,Workstation_2,00000000-0000-0000-0000-0000000001aa,3584,3592
1554989884134,Workstation_2,00000000-0000-0000-0000-0000000001a8,3477,3479
1554989884185,Workstation_2,00000000-0000-0000-0000-0000000001a7,1322,1329
1554989886075,Workstation_2,00000000-0000-0000-0000-0000000001a4,1876,1884
1554989887664,Workstation_2,00000000-0000-0000-0000-0000000001a5,3522,3523
1554989888058,Workstation_2,00000000-0000-0000-0000-0000000001a6,4997,5004
1554989889458,Workstation_2,00000000-0000-0000-0000-0000000001a3,3372,3380
1554989889745,Workstation_2,00000000-0000-0000-0000-0000000001a2,2071,2073
1554989890650,Workstation_2,00000000-0000-0000-0000-0000000001a0,1177,1186
1554989892427,Workstation_2,00000000-0000-0000-0000-00000000019f,2672,2673
1554989892960,Workstation_2,00000000-0000-0000-0000-0000000001a1,4888,4895
1554989894245,Workstation_2,00000000-0000-0000-0000-00000000019e,3580,3587
1554989894593,Workstation_2,00000000-0000-0000-0000-00000000019d,2158,2159
1554989897201,Workstation_2,00000000-0000-0000-0000-00000000019c,4225,4233
1554989898217,Workstation_2,00000000-0000-0000-0000-00000000019b,3960,3968
1554989898482,Workstation_2,00000000-0000-0000-0000-00000000019a,3753,3757
1554989900845,Workstation_2,00000000-0000-0000-0000-000000000199,3629,3639
1554989902506,Workstation_2,00000000-0000-0000-0000-000000000197,4010,4011
1554989902796,Workstation_2,00000000-0000-0000-0000-000000000196,1935,1944
1554989903313,Workstation_2,00000000-0000-0000-0000-000000000198,5079,5091
1554989904701,Workstation_2,00000000-0000-0000-0000-000000000194,1893,1901
1554989904744,Workstation_2,00000000-0000-0000-0000-000000000195,2231,2232
1554989907840,Workstation_2,00000000-0000-0000-0000-000000000193,4516,4527
1554989907880,Workstation_2,00000000-0000-0000-0000-000000000191,3128,3128
1554989908577,Workstation_2,00000000-0000-0000-0000-000000000192,3866,3872
1554989910457,Workstation_2,00000000-0000-0000-0000-000000000190,2601,2612
1554989910555,Workstation_2,00000000-0000-0000-0000-00000000018e,1967,1973
1554989912118,Workstation_2,00000000-0000-0000-0000-00000000018c,1553,1558
1554989912483,Workstation_2,00000000-0000-0000-0000-00000000018f,4595,4596
1554989913553,Workstation_2,00000000-0000-0000-0000-00000000018b,1420,1430
1554989913727,Workstation_2,00000000-0000-0000-0000-00000000018a,1235,1237
1554989915184,Workstation_2,00000000-0000-0000-0000-00000000018d,4717,4723
1554989916374,Workstation_2,00000000-0000-0000-0000-000000000189,2809,2816
1554989916864,Workstation_2,00000000-0000-0000-0000-000000000188,3130,3131
1554989917135,Workstation_2,00000000-0000-0000-0000-000000000187,1939,1945
1554989918623,Workstation_2,00000000-0000-0000-0000-000000000186,2237,2244
1554989919188,Workstation_2,00000000-0000-0000-0000-000000000185,2310,2312
1554989920378,Workstation_2,00000000-0000-0000-0000-000000000182,1179,1181
1554989920920,Workstation_2,00000000-0000-0000-0000-000000000184,3775,3781
1554989921989,Workstation_2,00000000-0000-0000-0000-000000000183,3353,3361
1554989922683,Workstation_2,00000000-0000-0000-0000-000000000180,1750,1760
1554989924320,Workstation_2,00000000-0000-0000-0000-000000000181,3935,3935
1554989924450,Workstation_2,00000000-0000-0000-0000-00000000017f,2448,2455
1554989925485,Workstation_2,00000000-0000-0000-0000-00000000017e,2789,2795
1554989925857,Workstation_2,00000000-0000-0000-0000-00000000017c,1395,1401
1554989928298,Workstation_2,00000000-0000-0000-0000-00000000017a,2428,2433
1554989928529,Workstation_2,00000000-0000-0000-0000-00000000017d,4199,4200
1554989930561,Workstation_2,00000000-0000-0000-0000-00000000017b,5065,5071
1554989930627,Workstation_2,00000000-0000-0000-0000-000000000178,2090,2090
1554989931514,Workstation_2,00000000-0000-0000-0000-000000000179,3200,3210
1554989933053,Workstation_2,00000000-0000-0000-0000-000000000177,2479,2487
1554989933543,Workstation_2,00000000-0000-0000-0000-000000000176,2903,2904
1554989935840,Workstation_2,00000000-0000-0000-0000-000000000173,2290,2292
1554989936577,Workstation_2,00000000-0000-0000-0000-000000000175,5052,5059
1554989937127,Workstation_2,00000000-0000-0000-0000-000000000174,4057,4065
1554989939963,Workstation_2,00000000-0000-0000-0000-000000000172,4104,4105
1554989940201,Workstation_2,00000000-0000-0000-0000-000000000170,3041,3066
1554989940606,Workstation_2,00000000-0000-0000-0000-000000000171,4018,4025
1554989942422,Workstation_2,00000000-0000-0000-0000-00000000016f,2451,2452
1554989944285,Workstation_2,00000000-0000-0000-0000-00000000016e,4076,4081
1554989945007,Workstation_2,00000000-0000-0000-0000-00000000016d,4389,4395
1554989946663,Workstation_2,00000000-0000-0000-0000-00000000016c,4235,4235
1554989948399,Workstation_2,00000000-0000-0000-0000-00000000016a,3382,3389
1554989948533,Workstation_2,00000000-0000-0000-0000-000000000169,1863,1864
1554989948683,Workstation_2,00000000-0000-0000-0000-00000000016b,4388,4393
1554989950380,Workstation_2,00000000-0000-0000-0000-000000000167,1834,1835
1554989952412,Workstation_2,00000000-0000-0000-0000-000000000168,4002,4008
1554989953195,Workstation_2,00000000-0000-0000-0000-000000000166,4497,4506
1554989954848,Workstation_2,00000000-0000-0000-0000-000000000163,1644,1649
1554989955305,Workstation_2,00000000-0000-0000-0000-000000000165,4917,4919
1554989956014,Workstation_2,00000000-0000-0000-0000-000000000164,3590,3598
1554989956506,Workstation_2,00000000-0000-0000-0000-000000000162,1648,1653
1554989958765,Workstation_2,00000000-0000-0000-0000-000000000161,3451,3453
1554989958998,Workstation_2,00000000-0000-0000-0000-00000000015f,2480,2488
1554989960175,Workstation_2,00000000-0000-0000-0000-000000000160,4146,4154
1554989963066,Workstation_2,00000000-0000-0000-0000-00000000015d,4057,4064
1554989963439,Workstation_2,00000000-0000-0000-0000-00000000015e,4668,4668
1554989964570,Workstation_2,00000000-0000-0000-0000-00000000015c,4387,4392
1554989965776,Workstation_2,00000000-0000-0000-0000-00000000015a,2329,2330
1554989966117,Workstation_2,00000000-0000-0000-0000-00000000015b,3039,3044
1554989967704,Workstation_2,00000000-0000-0000-0000-000000000159,3123,3127
1554989969722,Workstation_2,00000000-0000-0000-0000-000000000156,2004,2010
1554989970438,Workstation_2,00000000-0000-0000-0000-000000000158,4654,4655
1554989970938,Workstation_2,00000000-0000-0000-0000-000000000157,4810,4817
1554989972236,Workstation_2,00000000-0000-0000-0000-000000000154,1790,1792
1554989973510,Workstation_2,00000000-0000-0000-0000-000000000155,3777,3783
1554989974190,Workstation_2,00000000-0000-0000-0000-000000000153,3240,3248
1554989975836,Workstation_2,00000000-0000-0000-0000-000000000152,3589,3590
1554989976386,Workstation_2,00000000-0000-0000-0000-000000000151,2860,2872
1554989976954,Workstation_2,00000000-0000-0000-0000-000000000150,2748,2760
1554989978840,Workstation_2,00000000-0000-0000-0000-00000000014f,2997,2999
1554989980590,Workstation_2,00000000-0000-0000-0000-00000000014c,1740,1741
1554989980923,Workstation_2,00000000-0000-0000-0000-00000000014d,3944,3953
1554989981032,Workstation_2,00000000-0000-0000-0000-00000000014e,4634,4641
1554989982441,Workstation_2,00000000-0000-0000-0000-00000000014a,1511,1517
1554989982676,Workstation_2,00000000-0000-0000-0000-000000000149,1636,1641
1554989983061,Workstation_2,00000000-0000-0000-0000-00000000014b,2463,2465
1554989984272,Workstation_2,00000000-0000-0000-0000-000000000146,1206,1207
1554989985409,Workstation_2,00000000-0000-0000-0000-000000000148,2952,2964
1554989987246,Workstation_2,00000000-0000-0000-0000-000000000147,4560,4565
1554989988725,Workstation_2,00000000-0000-0000-0000-000000000145,4446,4447
1554989988868,Workstation_2,00000000-0000-0000-0000-000000000144,3450,3455
1554989989984,Workstation_2,00000000-0000-0000-0000-000000000143,2728,2734
1554989990652,Workstation_2,00000000-0000-0000-0000-000000000141,1773,1779
1554989992219,Workstation_2,00000000-0000-0000-0000-00000000013f,1558,1563
1554989993667,Workstation_2,00000000-0000-0000-0000-000000000140,3670,3678
1554989993705,Workstation_2,00000000-0000-0000-0000-000000000142,4973,4974
1554989994765,Workstation_2,00000000-0000-0000-0000-00000000013e,2534,2541
1554989995912,Workstation_2,00000000-0000-0000-0000-00000000013c,2198,2199
1554989996869,Workstation_2,00000000-0000-0000-0000-00000000013d,3190,3198
1554989997283,Workstation_2,00000000-0000-0000-0000-00000000013b,2505,2513
1554989999152,Workstation_2,00000000-0000-0000-0000-00000000013a,3234,3235
1554989999325,Workstation_2,00000000-0000-0000-0000-000000000139,2445,2452
1554990001603,Workstation_2,00000000-0000-0000-0000-000000000138,4304,4312
1554990002928,Workstation_2,00000000-0000-0000-0000-000000000137,3769,3770
1554990003738,Workstation_2,00000000-0000-0000-0000-000000000135,2125,2131
1554990003956,Workstation_2,00000000-0000-0000-0000-000000000136,4611,4625
1554990005173,Workstation_2,00000000-0000-0000-0000-000000000133,1425,1431
1554990005359,Workstation_2,00000000-0000-0000-0000-000000000132,1385,1398
1554990007628,Workstation_2,00000000-0000-0000-0000-000000000134,4692,4693
1554990007778,Workstation_2,00000000-0000-0000-0000-000000000131,2589,2596
1554990008602,Workstation_2,00000000-0000-0000-0000-000000000130,3233,3239
1554990009335,Workstation_2,00000000-0000-0000-0000-00000000012f,1700,1701
1554990010500,Workstation_2,00000000-0000-0000-0000-00000000012d,1886,1894
1554990012646,Workstation_2,00000000-0000-0000-0000-00000000012b,2134,2141
1554990012804,Workstation_2,00000000-0000-0000-0000-00000000012c,3461,3462
1554990012845,Workstation_2,00000000-0000-0000-0000-00000000012e,5054,5063
1554990014000,Workstation_2,00000000-0000-0000-0000-000000000128,1145,1150
1554990015554,Workstation_2,00000000-0000-0000-0000-000000000127,1540,1547
1554990015967,Workstation_2,00000000-0000-0000-0000-00000000012a,3309,3316
1554990017202,Workstation_2,00000000-0000-0000-0000-000000000129,4388,4389
1554990019175,Workstation_2,00000000-0000-0000-0000-000000000126,3591,3617
1554990019257,Workstation_2,00000000-0000-0000-0000-000000000125,3282,3286
1554990022191,Workstation_2,00000000-0000-0000-0000-000000000123,3005,3013
1554990022221,Workstation_2,00000000-0000-0000-0000-000000000124,5013,5013
1554990024128,Workstation_2,00000000-0000-0000-0000-000000000122,4860,4867
1554990024197,Workstation_2,00000000-0000-0000-0000-000000000121,1996,2000
1554990025132,Workstation_2,00000000-0000-0000-0000-000000000120,2904,2906
1554990025658,Workstation_2,00000000-0000-0000-0000-00000000011e,1452,1457
1554990026962,Workstation_2,00000000-0000-0000-0000-00000000011f,2820,2827
1554990029357,Workstation_2,00000000-0000-0000-0000-00000000011b,2383,2390
1554990029730,Workstation_2,00000000-0000-0000-0000-00000000011c,4062,4068
1554990030087,Workstation_2,00000000-0000-0000-0000-00000000011d,4939,4940
1554990033018,Workstation_2,00000000-0000-0000-0000-000000000119,3277,3284
1554990033609,Workstation_2,00000000-0000-0000-0000-00000000011a,4240,4246
1554990034981,Workstation_2,00000000-0000-0000-0000-000000000118,4883,4884
1554990036453,Workstation_2,00000000-0000-0000-0000-000000000117,3426,3431
1554990037153,Workstation_2,00000000-0000-0000-0000-000000000116,3527,3537
1554990038380,Workstation_2,00000000-0000-0000-0000-000000000115,3391,3392
1554990040068,Workstation_2,00000000-0000-0000-0000-000000000114,3604,3611
1554990041151,Workstation_2,00000000-0000-0000-0000-000000000113,3984,3994
1554990041827,Workstation_2,00000000-0000-0000-0000-000000000112,3407,3408
1554990041975,Workstation_2,00000000-0000-0000-0000-000000000111,1894,1903
1554990042395,Workstation_2,00000000-0000-0000-0000-000000000110,1232,1240
1554990045831,Workstation_2,00000000-0000-0000-0000-00000000010f,3993,3998
1554990046203,Workstation_2,00000000-0000-0000-0000-00000000010d,3798,3804
1554990046482,Workstation_2,00000000-0000-0000-0000-00000000010e,4496,4503
1554990047353,Workstation_2,00000000-0000-0000-0000-00000000010b,1141,1146
1554990049545,Workstation_2,00000000-0000-0000-0000-000000000109,2180,2186
1554990049974,Workstation_2,00000000-0000-0000-0000-00000000010c,4136,4137
1554990051302,Workstation_2,00000000-0000-0000-0000-00000000010a,4812,4816
1554990052221,Workstation_2,00000000-0000-0000-0000-000000000107,2241,2241
1554990053571,Workstation_2,00000000-0000-0000-0000-000000000106,2258,2264
1554990054414,Workstation_2,00000000-0000-0000-0000-000000000108,4857,4863
1554990055284,Workstation_2,00000000-0000-0000-0000-000000000105,3048,3050
1554990057907,Workstation_2,00000000-0000-0000-0000-000000000104,4326,4332
1554990059210,Workstation_2,00000000-0000-0000-0000-000000000103,4787,4792
1554990059297,Workstation_2,00000000-0000-0000-0000-000000000102,4007,4008
1554990060885,Workstation_2,00000000-0000-0000-0000-000000000101,2969,2975
1554990060976,Workstation_2,00000000-0000-0000-0000-0000000000ff,1667,1668
1554990062616,Workstation_2,00000000-0000-0000-0000-0000000000fd,1628,1630
1554990063201,Workstation_2,00000000-0000-0000-0000-000000000100,3979,3986
1554990064350,Workstation_2,00000000-0000-0000-0000-0000000000fb,1139,1144
1554990064774,Workstation_2,00000000-0000-0000-0000-0000000000fc,2149,2152
1554990065891,Workstation_2,00000000-0000-0000-0000-0000000000fe,4997,5002
1554990065998,Workstation_2,00000000-0000-0000-0000-0000000000fa,1636,1644
1554990066371,Workstation_2,00000000-0000-0000-0000-0000000000f9,1591,1592
1554990067648,Workstation_2,00000000-0000-0000-0000-0000000000f6,1269,1271
1554990068934,Workstation_2,00000000-0000-0000-0000-0000000000f8,3035,3040
1554990069523,Workstation_2,00000000-0000-0000-0000-0000000000f5,1867,1869
1554990070593,Workstation_2,00000000-0000-0000-0000-0000000000f4,1649,1654
1554990070720,Workstation_2,00000000-0000-0000-0000-0000000000f7,4714,4719
1554990072047,Workstation_2,00000000-0000-0000-0000-0000000000f3,2517,2518
1554990072302,Workstation_2,00000000-0000-0000-0000-0000000000f2,1699,1705
1554990073417,Workstation_2,00000000-0000-0000-0000-0000000000f1,2686,2692
1554990074802,Workstation_2,00000000-0000-0000-0000-0000000000ee,1373,1379
1554990075752,Workstation_2,00000000-0000-0000-0000-0000000000f0,3699,3699
1554990076207,Workstation_2,00000000-0000-0000-0000-0000000000ed,1394,1400
1554990077080,Workstation_2,00000000-0000-0000-0000-0000000000ef,4766,4775
1554990080203,Workstation_2,00000000-0000-0000-0000-0000000000ec,4444,4445
1554990080537,Workstation_2,00000000-0000-0000-0000-0000000000eb,4320,4327
1554990080955,Workstation_2,00000000-0000-0000-0000-0000000000ea,3867,3871
1554990081660,Workstation_2,00000000-0000-0000-0000-0000000000e8,1111,1118
1554990081963,Workstation_2,00000000-0000-0000-0000-0000000000e9,1754,1754
1554990082806,Workstation_2,00000000-0000-0000-0000-0000000000e7,1844,1848
1554990084293,Workstation_2,00000000-0000-0000-0000-0000000000e6,2621,2629
1554990084661,Workstation_2,00000000-0000-0000-0000-0000000000e4,1846,1851
1554990084815,Workstation_2,00000000-0000-0000-0000-0000000000e5,2846,2847
1554990086546,Workstation_2,00000000-0000-0000-0000-0000000000e2,1874,1882
1554990087350,Workstation_2,00000000-0000-0000-0000-0000000000e1,2527,2529
1554990087596,Workstation_2,00000000-0000-0000-0000-0000000000e3,3292,3299
1554990088373,Workstation_2,00000000-0000-0000-0000-0000000000df,1815,1821
1554990089989,Workstation_2,00000000-0000-0000-0000-0000000000dd,2383,2390
1554990090408,Workstation_2,00000000-0000-0000-0000-0000000000de,3048,3048
1554990091240,Workstation_2,00000000-0000-0000-0000-0000000000db,1240,1246
1554990092882,Workstation_2,00000000-0000-0000-0000-0000000000dc,4497,4503
1554990094246,Workstation_2,00000000-0000-0000-0000-0000000000d9,2995,3002
1554990094978,Workstation_2,00000000-0000-0000-0000-0000000000d8,2087,2092
1554990095047,Workstation_2,00000000-0000-0000-0000-0000000000da,4631,4633
1554990096662,Workstation_2,00000000-0000-0000-0000-0000000000d7,2399,2411
1554990096710,Workstation_2,00000000-0000-0000-0000-0000000000d5,1654,1654
1554990099529,Workstation_2,00000000-0000-0000-0000-0000000000d6,4537,4543
1554990100409,Workstation_2,00000000-0000-0000-0000-0000000000d3,3689,3690
1554990101284,Workstation_2,00000000-0000-0000-0000-0000000000d4,4613,4619
1554990103293,Workstation_2,00000000-0000-0000-0000-0000000000d0,1996,2003
1554990103399,Workstation_2,00000000-0000-0000-0000-0000000000d2,3859,3865
1554990104852,Workstation_2,00000000-0000-0000-0000-0000000000ce,1442,1449
1554990105371,Workstation_2,00000000-0000-0000-0000-0000000000d1,4955,4957
1554990107554,Workstation_2,00000000-0000-0000-0000-0000000000cf,4249,4254
1554990109268,Workstation_2,00000000-0000-0000-0000-0000000000cc,3891,3891
1554990109290,Workstation_2,00000000-0000-0000-0000-0000000000cb,1722,1730
1554990109710,Workstation_2,00000000-0000-0000-0000-0000000000cd,4839,4851
1554990113469,Workstation_2,00000000-0000-0000-0000-0000000000c8,3746,3755
1554990113815,Workstation_2,00000000-0000-0000-0000-0000000000c9,4511,4517
1554990114368,Workstation_2,00000000-0000-0000-0000-0000000000ca,5094,5095
1554990115450,Workstation_2,00000000-0000-0000-0000-0000000000c6,1625,1631
1554990116846,Workstation_2,00000000-0000-0000-0000-0000000000c7,3367,3373
1554990117821,Workstation_2,00000000-0000-0000-0000-0000000000c4,2359,2364
1554990118414,Workstation_2,00000000-0000-0000-0000-0000000000c3,1558,1564
1554990119147,Workstation_2,00000000-0000-0000-0000-0000000000c5,4772,4773
1554990120487,Workstation_2,00000000-0000-0000-0000-0000000000c0,1331,1332
1554990122323,Workstation_2,00000000-0000-0000-0000-0000000000bf,1829,1831
1554990122752,Workstation_2,00000000-0000-0000-0000-0000000000c2,4895,4927
1554990123060,Workstation_2,00000000-0000-0000-0000-0000000000c1,4635,4643
1554990124339,Workstation_2,00000000-0000-0000-0000-0000000000be,2008,2009
1554990126652,Workstation_2,00000000-0000-0000-0000-0000000000bd,3889,3896
1554990127177,Workstation_2,00000000-0000-0000-0000-0000000000bc,4108,4112
1554990128833,Workstation_2,00000000-0000-0000-0000-0000000000bb,4488,4490
1554990131550,Workstation_2,00000000-0000-0000-0000-0000000000b8,2708,2709
1554990131723,Workstation_2,00000000-0000-0000-0000-0000000000ba,5057,5067
1554990132219,Workstation_2,00000000-0000-0000-0000-0000000000b9,5031,5036
1554990132766,Workstation_2,00000000-0000-0000-0000-0000000000b7,1210,1211
1554990135327,Workstation_2,00000000-0000-0000-0000-0000000000b4,2555,2555
1554990135940,Workstation_2,00000000-0000-0000-0000-0000000000b6,4206,4213
1554990136069,Workstation_2,00000000-0000-0000-0000-0000000000b5,3840,3843
1554990139195,Workstation_2,00000000-0000-0000-0000-0000000000b3,3860,3862
1554990139736,Workstation_2,00000000-0000-0000-0000-0000000000b2,3785,3793
1554990140239,Workstation_2,00000000-0000-0000-0000-0000000000b1,4161,4167
1554990143033,Workstation_2,00000000-0000-0000-0000-0000000000b0,3831,3833
1554990143291,Workstation_2,00000000-0000-0000-0000-0000000000ae,3041,3048
1554990143544,Workstation_2,00000000-0000-0000-0000-0000000000af,3795,3804
1554990146305,Workstation_2,00000000-0000-0000-0000-0000000000ac,3000,3009
1554990146330,Workstation_2,00000000-0000-0000-0000-0000000000ab,2772,2779
1554990147044,Workstation_2,00000000-0000-0000-0000-0000000000ad,4005,4005
1554990148088,Workstation_2,00000000-0000-0000-0000-0000000000aa,1772,1779
1554990150059,Workstation_2,00000000-0000-0000-0000-0000000000a9,3718,3726
1554990150255,Workstation_2,00000000-0000-0000-0000-0000000000a8,3197,3198
1554990150716,Workstation_2,00000000-0000-0000-0000-0000000000a7,2618,2624
1554990152340,Workstation_2,00000000-0000-0000-0000-0000000000a6,2267,2276
1554990153394,Workstation_2,00000000-0000-0000-0000-0000000000a4,2667,2674
1554990153997,Workstation_2,00000000-0000-0000-0000-0000000000a5,3735,3737
1554990155336,Workstation_2,00000000-0000-0000-0000-0000000000a3,2985,2992
1554990155580,Workstation_2,00000000-0000-0000-0000-0000000000a1,1577,1578
1554990156968,Workstation_2,00000000-0000-0000-0000-0000000000a2,3564,3570
1554990158879,Workstation_2,00000000-0000-0000-0000-00000000009f,3288,3289
1554990159050,Workstation_2,00000000-0000-0000-0000-00000000009e,2068,2079
1554990160156,Workstation_2,00000000-0000-0000-0000-0000000000a0,4808,4816
1554990161686,Workstation_2,00000000-0000-0000-0000-00000000009d,2799,2801
1554990163188,Workstation_2,00000000-0000-0000-0000-00000000009c,4122,4134
1554990163318,Workstation_2,00000000-0000-0000-0000-00000000009a,1513,1515
1554990164950,Workstation_2,00000000-0000-0000-0000-00000000009b,4783,4790
1554990167390,Workstation_2,00000000-0000-0000-0000-000000000098,4063,4064
1554990167828,Workstation_2,00000000-0000-0000-0000-000000000099,4628,4637
1554990169795,Workstation_2,00000000-0000-0000-0000-000000000097,4833,4842
1554990171292,Workstation_2,00000000-0000-0000-0000-000000000094,1485,1493
1554990171916,Workstation_2,00000000-0000-0000-0000-000000000096,4520,4520
1554990172367,Workstation_2,00000000-0000-0000-0000-000000000095,4529,4536
1554990174624,Workstation_2,00000000-0000-0000-0000-000000000092,2698,2699
1554990175059,Workstation_2,00000000-0000-0000-0000-000000000093,3757,3764
1554990176721,Workstation_2,00000000-0000-0000-0000-000000000091,4343,4349
1554990177069,Workstation_2,00000000-0000-0000-0000-000000000090,2436,2436
1554990179194,Workstation_2,00000000-0000-0000-0000-00000000008f,4121,4126
1554990181421,Workstation_2,00000000-0000-0000-0000-00000000008d,4346,4346
1554990181688,Workstation_2,00000000-0000-0000-0000-00000000008e,4957,4963
1554990182965,Workstation_2,00000000-0000-0000-0000-00000000008c,3762,3767
1554990185282,Workstation_2,00000000-0000-0000-0000-00000000008b,3851,3852
1554990185514,Workstation_2,00000000-0000-0000-0000-00000000008a,3805,3821
1554990187678,Workstation_2,00000000-0000-0000-0000-000000000086,2152,2159
1554990187926,Workstation_2,00000000-0000-0000-0000-000000000089,4952,4957
1554990189561,Workstation_2,00000000-0000-0000-0000-000000000084,1622,1630
1554990190015,Workstation_2,00000000-0000-0000-0000-000000000085,2319,2327
1554990190085,Workstation_2,00000000-0000-0000-0000-000000000087,4797,4797
1554990193744,Workstation_2,00000000-0000-0000-0000-000000000083,4171,4176
1554990193823,Workstation_2,00000000-0000-0000-0000-000000000082,3799,3804
1554990194864,Workstation_2,00000000-0000-0000-0000-000000000081,4771,4772
1554990196013,Workstation_2,00000000-0000-0000-0000-00000000007f,2177,2186
1554990196225,Workstation_2,00000000-0000-0000-0000-00000000007e,1353,1355
1554990198514,Workstation_2,00000000-0000-0000-0000-000000000080,4752,4763
1554990199761,Workstation_2,00000000-0000-0000-0000-00000000007d,3737,3743
1554990200533,Workstation_2,00000000-0000-0000-0000-00000000007b,2006,2015
1554990200659,Workstation_2,00000000-0000-0000-0000-00000000007c,4425,4426
1554990203450,Workstation_2,00000000-0000-0000-0000-00000000007a,3680,3686
1554990204213,Workstation_2,00000000-0000-0000-0000-000000000079,3666,3673
1554990205753,Workstation_2,00000000-0000-0000-0000-000000000078,5083,5085
1554990207367,Workstation_2,00000000-0000-0000-0000-000000000077,3908,3913
1554990207882,Workstation_2,00000000-0000-0000-0000-000000000076,3659,3666
1554990209087,Workstation_2,00000000-0000-0000-0000-000000000073,1193,1200
1554990209908,Workstation_2,00000000-0000-0000-0000-000000000075,4148,4149
1554990211337,Workstation_2,00000000-0000-0000-0000-000000000072,2241,2246
1554990211510,Workstation_2,00000000-0000-0000-0000-000000000074,4129,4137
1554990212060,Workstation_2,00000000-0000-0000-0000-000000000071,2128,2129
1554990213454,Workstation_2,00000000-0000-0000-0000-000000000070,2102,2113
1554990213499,Workstation_2,00000000-0000-0000-0000-00000000006d,1432,1434
1554990215646,Workstation_2,00000000-0000-0000-0000-00000000006f,4127,4133
1554990216133,Workstation_2,00000000-0000-0000-0000-00000000006c,2669,2675
1554990216891,Workstation_2,00000000-0000-0000-0000-00000000006b,3381,3382
1554990218663,Workstation_2,00000000-0000-0000-0000-000000000069,2521,2526
1554990219195,Workstation_2,00000000-0000-0000-0000-00000000006a,3538,3545
1554990220148,Workstation_2,00000000-0000-0000-0000-000000000068,3249,3250
1554990220922,Workstation_2,00000000-0000-0000-0000-000000000067,2250,2256
1554990221468,Workstation_2,00000000-0000-0000-0000-000000000066,2254,2269
1554990223482,Workstation_2,00000000-0000-0000-0000-000000000065,3323,3325
1554990224325,Workstation_2,00000000-0000-0000-0000-000000000063,2844,2851
1554990224748,Workstation_2,00000000-0000-0000-0000-000000000064,3810,3822
1554990226801,Workstation_2,00000000-0000-0000-0000-000000000060,2043,2049
1554990228378,Workstation_2,00000000-0000-0000-0000-000000000061,4037,4049
1554990228592,Workstation_2,00000000-0000-0000-0000-000000000062,5102,5104
1554990229566,Workstation_2,00000000-0000-0000-0000-00000000005f,2752,2762
1554990230143,Workstation_2,00000000-0000-0000-0000-00000000005d,1541,1543
1554990231656,Workstation_2,00000000-0000-0000-0000-00000000005c,2075,2082
1554990232107,Workstation_2,00000000-0000-0000-0000-00000000005e,3716,3723
1554990234612,Workstation_2,00000000-0000-0000-0000-000000000059,2495,2501
1554990234917,Workstation_2,00000000-0000-0000-0000-00000000005a,3247,3255
1554990235129,Workstation_2,00000000-0000-0000-0000-00000000005b,4978,4980
1554990235711,Workstation_2,00000000-0000-0000-0000-000000000058,1088,1095
1554990237044,Workstation_2,00000000-0000-0000-0000-000000000056,1908,1909
1554990237589,Workstation_2,00000000-0000-0000-0000-000000000057,2664,2669
1554990238651,Workstation_2,00000000-0000-0000-0000-000000000055,2926,2932
1554990241824,Workstation_2,00000000-0000-0000-0000-000000000053,4222,4231
1554990242015,Workstation_2,00000000-0000-0000-0000-000000000054,4961,4961
1554990242936,Workstation_2,00000000-0000-0000-0000-000000000052,4271,4281
1554990244008,Workstation_2,00000000-0000-0000-0000-000000000050,1987,1987
1554990244339,Workstation_2,00000000-0000-0000-0000-00000000004f,1393,1400
1554990245039,Workstation_2,00000000-0000-0000-0000-000000000051,3204,3211
1554990246438,Workstation_2,00000000-0000-0000-0000-00000000004e,2423,2424
1554990246755,Workstation_2,00000000-0000-0000-0000-00000000004d,2404,2413
1554990248780,Workstation_2,00000000-0000-0000-0000-00000000004c,3721,3733
1554990249301,Workstation_2,00000000-0000-0000-0000-00000000004a,2535,2542
1554990250081,Workstation_2,00000000-0000-0000-0000-000000000049,1291,1297
1554990250323,Workstation_2,00000000-0000-0000-0000-00000000004b,3879,3880
1554990250492,Workstation_2,00000000-0000-0000-0000-000000000048,1182,1187
1554990252847,Workstation_2,00000000-0000-0000-0000-000000000047,2757,2762
1554990254364,Workstation_2,00000000-0000-0000-0000-000000000046,4034,4036
1554990254459,Workstation_2,00000000-0000-0000-0000-000000000045,3952,3963
1554990254507,Workstation_2,00000000-0000-0000-0000-000000000044,1650,1656
1554990257040,Workstation_2,00000000-0000-0000-0000-000000000043,2669,2670
1554990258168,Workstation_2,00000000-0000-0000-0000-000000000041,3651,3658
1554990258273,Workstation_2,00000000-0000-0000-0000-000000000042,3802,3810
1554990260301,Workstation_2,00000000-0000-0000-0000-00000000003e,2018,2024
1554990261828,Workstation_2,00000000-0000-0000-0000-000000000040,4781,4782
1554990262450,Workstation_2,00000000-0000-0000-0000-00000000003f,4273,4278
1554990263013,Workstation_2,00000000-0000-0000-0000-00000000003c,1179,1180
1554990263887,Workstation_2,00000000-0000-0000-0000-00000000003b,1425,1431
1554990264265,Workstation_2,00000000-0000-0000-0000-00000000003d,3955,3960
1554990267175,Workstation_2,00000000-0000-0000-0000-000000000039,3278,3284
1554990267418,Workstation_2,00000000-0000-0000-0000-00000000003a,4399,4400
1554990268178,Workstation_2,00000000-0000-0000-0000-000000000038,3904,3909
1554990270959,Workstation_2,00000000-0000-0000-0000-000000000036,3531,3533
1554990271276,Workstation_2,00000000-0000-0000-0000-000000000035,3087,3095
1554990271798,Workstation_2,00000000-0000-0000-0000-000000000037,4613,4618
1554990273095,Workstation_2,00000000-0000-0000-0000-000000000034,2127,2129
1554990273413,Workstation_2,00000000-0000-0000-0000-000000000033,2126,2134
1554990274515,Workstation_2,00000000-0000-0000-0000-00000000002f,1087,1098
1554990274937,Workstation_2,00000000-0000-0000-0000-000000000031,1836,1836
1554990275792,Workstation_2,00000000-0000-0000-0000-000000000032,3984,3989
1554990277382,Workstation_2,00000000-0000-0000-0000-00000000002e,2855,2863
1554990279840,Workstation_2,00000000-0000-0000-0000-00000000002d,4894,4896
1554990279995,Workstation_2,00000000-0000-0000-0000-00000000002c,4194,4199
1554990280778,Workstation_2,00000000-0000-0000-0000-00000000002b,3385,3391
1554990282885,Workstation_2,00000000-0000-0000-0000-00000000002a,3039,3040
1554990282973,Workstation_2,00000000-0000-0000-0000-000000000028,2184,2190
1554990284775,Workstation_2,00000000-0000-0000-0000-000000000029,4768,4776
1554990286982,Workstation_2,00000000-0000-0000-0000-000000000025,2197,2202
1554990287658,Workstation_2,00000000-0000-0000-0000-000000000026,4673,4682
1554990287877,Workstation_2,00000000-0000-0000-0000-000000000027,4985,4985
1554990288549,Workstation_2,00000000-0000-0000-0000-000000000024,1558,1563
1554990289648,Workstation_2,00000000-0000-0000-0000-000000000022,1761,1763
1554990289814,Workstation_2,00000000-0000-0000-0000-000000000023,2144,2152
1554990293381,Workstation_2,00000000-0000-0000-0000-00000000001f,3534,3541
1554990293422,Workstation_2,00000000-0000-0000-0000-000000000021,4863,4868
1554990294482,Workstation_2,00000000-0000-0000-0000-000000000020,4828,4829
1554990296226,Workstation_2,00000000-0000-0000-0000-00000000001e,2835,2840
1554990296571,Workstation_2,00000000-0000-0000-0000-00000000001d,3137,3145
1554990297144,Workstation_2,00000000-0000-0000-0000-00000000001c,2655,2656
1554990298979,Workstation_2,00000000-0000-0000-0000-00000000001b,2739,2749
1554990299748,Workstation_2,00000000-0000-0000-0000-00000000001a,3169,3174
1554990300240,Workstation_2,00000000-0000-0000-0000-000000000019,3087,3088
1554990301012,Workstation_2,00000000-0000-0000-0000-000000000018,2022,2030
1554990301643,Workstation_2,00000000-0000-0000-0000-000000000017,1883,1889
1554990302651,Workstation_2,00000000-0000-0000-0000-000000000015,1627,1633
1554990304190,Workstation_2,00000000-0000-0000-0000-000000000016,3944,3944
1554990305563,Workstation_2,00000000-0000-0000-0000-000000000013,2901,2908
1554990305643,Workstation_2,00000000-0000-0000-0000-000000000014,3990,3995
1554990306888,Workstation_2,00000000-0000-0000-0000-000000000010,1236,1242
1554990308385,Workstation_2,00000000-0000-0000-0000-000000000012,4189,4190
1554990308865,Workstation_2,00000000-0000-0000-0000-000000000011,3292,3298
1554990311093,Workstation_2,00000000-0000-0000-0000-00000000000d,2217,2224
1554990311410,Workstation_2,00000000-0000-0000-0000-00000000000f,4513,4518
1554990312440,Workstation_2,00000000-0000-0000-0000-00000000000e,4046,4047
1554990315679,Workstation_2,00000000-0000-0000-0000-00000000000b,4259,4264
1554990315982,Workstation_2,00000000-0000-0000-0000-00000000000c,4877,4883
1554990316482,Workstation_2,00000000-0000-0000-0000-00000000000a,4037,4037
1554990319787,Workstation_2,00000000-0000-0000-0000-000000000009,4095,4104
1554990320318,Workstation_2,00000000-0000-0000-0000-000000000008,4325,4331
1554990320886,Workstation_2,00000000-0000-0000-0000-000000000007,4396,4397
1554990321314,Workstation_2,00000000-0000-0000-0000-000000000006,1517,1523
1554990323551,Workstation_2,00000000-0000-0000-0000-000000000005,3224,3229
1554989517386,Workstation_6,00000000-0000-0000-0000-000000000001,31513,31534
1554989518211,Workstation_6,00000000-0000-0000-0000-000000000000,32105,32367
1554989535456,Workstation_6,00000000-0000-0000-0000-00000000005a,49366,49578
1554989560311,Workstation_6,00000000-0000-0000-0000-000000000002,42085,42101
1554989573311,Workstation_6,00000000-0000-0000-0000-000000000067,55887,55901
1554989580578,Workstation_6,00000000-0000-0000-0000-00000000003c,45108,45135
1554989608743,Workstation_6,00000000-0000-0000-0000-0000000000be,48404,48421
1554989614538,Workstation_6,00000000-0000-0000-0000-0000000000c7,41205,41210
1554989615854,Workstation_6,00000000-0000-0000-0000-0000000000c6,35249,35264
1554989640964,Workstation_6,00000000-0000-0000-0000-0000000000c5,32185,32205
1554989661476,Workstation_6,00000000-0000-0000-0000-0000000000c4,46918,46920
1554989664172,Workstation_6,00000000-0000-0000-0000-0000000000c3,48296,48308
1554989693989,Workstation_6,00000000-0000-0000-0000-0000000000c2,52993,53017
1554989698921,Workstation_6,00000000-0000-0000-0000-0000000000c0,34722,34741
1554989701911,Workstation_6,00000000-0000-0000-0000-0000000000c1,40408,40410
1554989737601,Workstation_6,00000000-0000-0000-0000-0000000000bc,35677,35678
1554989737698,Workstation_6,00000000-0000-0000-0000-0000000000bf,43686,43703
1554989741932,Workstation_6,00000000-0000-0000-0000-0000000000bd,42992,43006
1554989793159,Workstation_6,00000000-0000-0000-0000-0000000000bb,55542,55547
1554989793726,Workstation_6,00000000-0000-0000-0000-0000000000ba,56010,56022
1554989797153,Workstation_6,00000000-0000-0000-0000-0000000000b9,55120,55132
1554989827743,Workstation_6,00000000-0000-0000-0000-0000000000b8,34571,34573
1554989835358,Workstation_6,00000000-0000-0000-0000-0000000000b6,38184,38199
1554989836620,Workstation_6,00000000-0000-0000-0000-0000000000b7,42873,42886
1554989868524,Workstation_6,00000000-0000-0000-0000-0000000000b5,40764,40770
1554989871121,Workstation_6,00000000-0000-0000-0000-0000000000b3,34480,34493
1554989886175,Workstation_6,00000000-0000-0000-0000-0000000000b4,50797,50812
1554989905640,Workstation_6,00000000-0000-0000-0000-0000000000b1,34506,34514
1554989914128,Workstation_6,00000000-0000-0000-0000-0000000000b2,45586,45590
1554989945170,Workstation_6,00000000-0000-0000-0000-0000000000b0,58978,58988
1554989952195,Workstation_6,00000000-0000-0000-0000-0000000000af,46534,46550
1554989973465,Workstation_6,00000000-0000-0000-0000-0000000000ae,59317,59320
1554989999315,Workstation_6,00000000-0000-0000-0000-0000000000ad,54122,54138
1554990004738,Workstation_6,00000000-0000-0000-0000-0000000000ac,52523,52538
1554990010099,Workstation_6,00000000-0000-0000-0000-0000000000ab,36622,36623
1554990037371,Workstation_6,00000000-0000-0000-0000-0000000000a9,32616,32627
1554990051311,Workstation_6,00000000-0000-0000-0000-0000000000aa,51981,51992
1554990051377,Workstation_6,00000000-0000-0000-0000-0000000000a8,41269,41271
1554990072254,Workstation_6,00000000-0000-0000-0000-0000000000a7,34854,34874
1554990081670,Workstation_6,00000000-0000-0000-0000-0000000000a6,30343,30354
1554990083718,Workstation_6,00000000-0000-0000-0000-0000000000a5,32333,32334
1554990107415,Workstation_6,00000000-0000-0000-0000-0000000000a4,35145,35156
1554990113289,Workstation_6,00000000-0000-0000-0000-0000000000a3,31600,31614
1554990118483,Workstation_6,00000000-0000-0000-0000-0000000000a2,34758,34758
1554990151911,Workstation_6,00000000-0000-0000-0000-0000000000a1,44481,44492
1554990166154,Workstation_6,00000000-0000-0000-0000-00000000009f,47661,47663
1554990168266,Workstation_6,00000000-0000-0000-0000-0000000000a0,54958,54973
1554990204475,Workstation_6,00000000-0000-0000-0000-00000000009e,52543,52559
1554990211906,Workstation_6,00000000-0000-0000-0000-00000000009d,45738,45744
1554990227855,Workstation_6,00000000-0000-0000-0000-00000000009c,59572,59585
1554990256810,Workstation_6,00000000-0000-0000-0000-00000000009a,44897,44898
1554990260901,Workstation_6,00000000-0000-0000-0000-00000000009b,56412,56420
1554990261563,Workstation_6,00000000-0000-0000-0000-000000000099,33689,33702
1554990292826,Workstation_6,00000000-0000-0000-0000-000000000098,36004,36005
1554990311900,Workstation_6,00000000-0000-0000-0000-000000000097,50981,50992
1554990316166,Workstation_6,00000000-0000-0000-0000-000000000096,54586,54596
1554990352881,Workstation_6,00000000-0000-0000-0000-000000000095,60038,60040
1554990362654,Workstation_6,00000000-0000-0000-0000-000000000093,46473,46482
1554990364107,Workstation_6,00000000-0000-0000-0000-000000000094,52188,52202
1554990395138,Workstation_6,00000000-0000-0000-0000-000000000090,31014,31026
1554990396273,Workstation_6,00000000-0000-0000-0000-000000000092,43381,43382
1554990418611,Workstation_6,00000000-0000-0000-0000-000000000091,55941,55953
1554990445445,Workstation_6,00000000-0000-0000-0000-00000000008e,49156,49163
1554990450674,Workstation_6,00000000-0000-0000-0000-00000000008f,55518,55529
1554990471572,Workstation_6,00000000-0000-0000-0000-00000000008d,52945,52957
1554990485928,Workstation_6,00000000-0000-0000-0000-00000000008b,35237,35250
1554990486790,Workstation_6,00000000-0000-0000-0000-00000000008c,41331,41336
1554990502192,Workstation_6,00000000-0000-0000-0000-00000000008a,30600,30616
1554990537363,Workstation_6,00000000-0000-0000-0000-000000000088,50564,50566
1554990537745,Workstation_6,00000000-0000-0000-0000-000000000089,51799,51811
1554990553801,Workstation_6,00000000-0000-0000-0000-000000000087,51590,51603
1554990576827,Workstation_6,00000000-0000-0000-0000-000000000085,39062,39075
1554990585429,Workstation_6,00000000-0000-0000-0000-000000000086,48056,48058
1554990610041,Workstation_6,00000000-0000-0000-0000-000000000084,56217,56233
1554990629579,Workstation_6,00000000-0000-0000-0000-000000000082,44137,44141
1554990635430,Workstation_6,00000000-0000-0000-0000-000000000083,58550,58566
1554990648531,Workstation_6,00000000-0000-0000-0000-000000000081,38477,38485
1554990675082,Workstation_6,00000000-0000-0000-0000-000000000080,45492,45496
1554990692672,Workstation_6,00000000-0000-0000-0000-00000000007f,57223,57234
1554990697252,Workstation_6,00000000-0000-0000-0000-00000000007e,48702,48715
1554990728742,Workstation_6,00000000-0000-0000-0000-00000000007d,53646,53651
1554990733729,Workstation_6,00000000-0000-0000-0000-00000000007c,41041,41049
1554990739760,Workstation_6,00000000-0000-0000-0000-00000000007b,42492,42505
1554990765584,Workstation_6,00000000-0000-0000-0000-00000000007a,36830,36834
1554990777608,Workstation_6,00000000-0000-0000-0000-000000000079,43862,43871
1554990791913,Workstation_6,00000000-0000-0000-0000-000000000078,52134,52146
1554990801954,Workstation_6,00000000-0000-0000-0000-000000000077,36358,36362
1554990811040,Workstation_6,00000000-0000-0000-0000-000000000076,33413,33426
1554990828798,Workstation_6,00000000-0000-0000-0000-000000000075,36867,36880
1554990851746,Workstation_6,00000000-0000-0000-0000-000000000074,49778,49778
1554990869679,Workstation_6,00000000-0000-0000-0000-000000000073,58620,58634
1554990879121,Workstation_6,00000000-0000-0000-0000-000000000072,50295,50305
1554990891207,Workstation_6,00000000-0000-0000-0000-000000000071,39450,39453
1554990918944,Workstation_6,00000000-0000-0000-0000-00000000006f,39808,39818
1554990927130,Workstation_6,00000000-0000-0000-0000-000000000070,57434,57446
1554990939521,Workstation_6,00000000-0000-0000-0000-00000000006e,48304,48306
1554990961035,Workstation_6,00000000-0000-0000-0000-00000000006d,42073,42087
1554990972648,Workstation_6,00000000-0000-0000-0000-00000000006c,45505,45514
1554990978932,Workstation_6,00000000-0000-0000-0000-00000000006b,39397,39400
1554991000113,Workstation_6,00000000-0000-0000-0000-00000000006a,39065,39074
1554991010154,Workstation_6,00000000-0000-0000-0000-000000000068,31214,31216
1554991020676,Workstation_6,00000000-0000-0000-0000-000000000069,48015,48024
1554991035899,Workstation_6,00000000-0000-0000-0000-000000000066,35734,35768
1554991048213,Workstation_6,00000000-0000-0000-0000-000000000065,38049,38052
1554991058688,Workstation_6,00000000-0000-0000-0000-000000000064,37991,38007
1554991070857,Workstation_6,00000000-0000-0000-0000-000000000063,34943,34954
1554991098282,Workstation_6,00000000-0000-0000-0000-000000000062,50059,50061
1554991103802,Workstation_6,00000000-0000-0000-0000-000000000061,45097,45110
1554991124024,Workstation_6,00000000-0000-0000-0000-000000000060,53147,53162
1554991135784,Workstation_6,00000000-0000-0000-0000-00000000005f,37491,37495
1554991159826,Workstation_6,00000000-0000-0000-0000-00000000005e,56008,56020
1554991169580,Workstation_6,00000000-0000-0000-0000-00000000005c,33783,33785
1554991178255,Workstation_6,00000000-0000-0000-0000-00000000005d,54180,54221
1554991208021,Workstation_6,00000000-0000-0000-0000-00000000005b,48179,48190
1554991214708,Workstation_6,00000000-0000-0000-0000-000000000059,45120,45121
1554991236826,Workstation_6,00000000-0000-0000-0000-000000000058,58559,58568
1554991255213,Workstation_6,00000000-0000-0000-0000-000000000057,47177,47185
1554991267658,Workstation_6,00000000-0000-0000-0000-000000000056,52939,52943
1554991287892,Workstation_6,00000000-0000-0000-0000-000000000055,51048,51062
1554991292001,Workstation_6,00000000-0000-0000-0000-000000000054,36770,36785
1554991309717,Workstation_6,00000000-0000-0000-0000-000000000053,42049,42051
1554991320685,Workstation_6,00000000-0000-0000-0000-000000000052,32777,32789
1554991327146,Workstation_6,00000000-0000-0000-0000-000000000051,35123,35137
1554991360307,Workstation_6,00000000-0000-0000-0000-00000000004e,33140,33157
1554991365629,Workstation_6,00000000-0000-0000-0000-000000000050,55901,55903
1554991367191,Workstation_6,00000000-0000-0000-0000-00000000004f,46488,46500
1554991397898,Workstation_6,00000000-0000-0000-0000-00000000004c,32260,32261
1554991411749,Workstation_6,00000000-0000-0000-0000-00000000004d,51426,51435
1554991414897,Workstation_6,00000000-0000-0000-0000-00000000004b,47692,47702
1554991444297,Workstation_6,00000000-0000-0000-0000-000000000049,32536,32544
1554991447826,Workstation_6,00000000-0000-0000-0000-000000000048,32918,32927
1554991449566,Workstation_6,00000000-0000-0000-0000-00000000004a,51652,51653
1554991479579,Workstation_6,00000000-0000-0000-0000-000000000046,31737,31749
1554991488375,Workstation_6,00000000-0000-0000-0000-000000000047,44061,44073
1554991504501,Workstation_6,00000000-0000-0000-0000-000000000045,54922,54927
1554991511118,Workstation_6,00000000-0000-0000-0000-000000000044,31525,31535
1554991534081,Workstation_6,00000000-0000-0000-0000-000000000043,45692,45701
1554991538867,Workstation_6,00000000-0000-0000-0000-000000000042,34354,34356
1554991560183,Workstation_6,00000000-0000-0000-0000-000000000041,49048,49061
1554991573899,Workstation_6,00000000-0000-0000-0000-00000000003f,35021,35023
1554991584542,Workstation_6,00000000-0000-0000-0000-000000000040,50444,50454
1554991612150,Workstation_6,00000000-0000-0000-0000-00000000003e,51952,51963
1554991615971,Workstation_6,00000000-0000-0000-0000-00000000003b,31414,31424
1554991624537,Workstation_6,00000000-0000-0000-0000-00000000003d,50631,50633
1554991648443,Workstation_6,00000000-0000-0000-0000-00000000003a,36280,36289
1554991669269,Workstation_6,00000000-0000-0000-0000-000000000039,53286,53294
1554991672760,Workstation_6,00000000-0000-0000-0000-000000000038,48217,48217
1554991693436,Workstation_6,00000000-0000-0000-0000-000000000037,44977,44989
1554991728670,Workstation_6,00000000-0000-0000-0000-000000000036,59390,59396
1554991728743,Workstation_6,00000000-0000-0000-0000-000000000035,55975,55977
1554991734226,Workstation_6,00000000-0000-0000-0000-000000000034,40778,40787
1554991767863,Workstation_6,00000000-0000-0000-0000-000000000032,39113,39114
1554991781846,Workstation_6,00000000-0000-0000-0000-000000000033,53158,53170
1554991791129,Workstation_6,00000000-0000-0000-0000-000000000031,56885,56899
1554991805472,Workstation_6,00000000-0000-0000-0000-000000000030,37594,37597
1554991841929,Workstation_6,00000000-0000-0000-0000-00000000002f,60060,60071
1554991846126,Workstation_6,00000000-0000-0000-0000-00000000002e,54982,54993
1554991852689,Workstation_6,00000000-0000-0000-0000-00000000002d,47210,47211
1554991879730,Workstation_6,00000000-0000-0000-0000-00000000002c,37789,37797
1554991880975,Workstation_6,00000000-0000-0000-0000-00000000002b,34829,34845
1554991909198,Workstation_6,00000000-0000-0000-0000-00000000002a,56498,56499
1554991922109,Workstation_6,00000000-0000-0000-0000-000000000028,41117,41131
1554991934612,Workstation_6,00000000-0000-0000-0000-000000000029,54867,54876
1554991965913,Workstation_6,00000000-0000-0000-0000-000000000026,43788,43798
1554991966569,Workstation_6,00000000-0000-0000-0000-000000000027,57361,57362
1554991986680,Workstation_6,00000000-0000-0000-0000-000000000025,52050,52061
1554992002154,Workstation_6,00000000-0000-0000-0000-000000000023,35579,35581
1554992021816,Workstation_6,00000000-0000-0000-0000-000000000022,35116,35130
1554992025900,Workstation_6,00000000-0000-0000-0000-000000000024,59975,59983
1554992036219,Workstation_6,00000000-0000-0000-0000-000000000021,34050,34057
1554992062860,Workstation_6,00000000-0000-0000-0000-000000000020,41030,41039
1554992072579,Workstation_6,00000000-0000-0000-0000-00000000001f,46659,46666
1554992095115,Workstation_6,00000000-0000-0000-0000-00000000001e,58889,58890
1554992120511,Workstation_6,00000000-0000-0000-0000-00000000001d,57637,57645
1554992124451,Workstation_6,00000000-0000-0000-0000-00000000001c,51861,51868
1554992127517,Workstation_6,00000000-0000-0000-0000-00000000001b,32394,32396
1554992154898,Workstation_6,00000000-0000-0000-0000-000000000019,30432,30442
1554992175009,Workstation_6,00000000-0000-0000-0000-000000000018,47483,47484
1554992180105,Workstation_6,00000000-0000-0000-0000-00000000001a,59584,59591
1554992201632,Workstation_6,00000000-0000-0000-0000-000000000017,46718,46728
1554992217831,Workstation_6,00000000-0000-0000-0000-000000000016,42811,42815
1554992231549,Workstation_6,00000000-0000-0000-0000-000000000015,51431,51438
1554992250174,Workstation_6,00000000-0000-0000-0000-000000000013,32336,32338
1554992260792,Workstation_6,00000000-0000-0000-0000-000000000014,59144,59153
1554992273220,Workstation_6,00000000-0000-0000-0000-000000000012,41658,41666
1554992297684,Workstation_6,00000000-0000-0000-0000-000000000011,47502,47503
1554992306968,Workstation_6,00000000-0000-0000-0000-00000000000f,33729,33744
1554992313669,Workstation_6,00000000-0000-0000-0000-000000000010,52863,52872
1554992334753,Workstation_6,00000000-0000-0000-0000-00000000000e,37062,37064
1554992341204,Workstation_6,00000000-0000-0000-0000-00000000000d,34223,34232
1554992358173,Workstation_6,00000000-0000-0000-0000-00000000000c,44491,44500
1554992385824,Workstation_6,00000000-0000-0000-0000-00000000000a,44604,44617
1554992394798,Workstation_6,00000000-0000-0000-0000-00000000000b,60039,60040
1554992394966,Workstation_6,00000000-0000-0000-0000-000000000009,36775,36789
1554992429976,Workstation_6,00000000-0000-0000-0000-000000000008,44142,44149
1554992436029,Workstation_6,00000000-0000-0000-0000-000000000006,41052,41059
1554992451262,Workstation_6,00000000-0000-0000-0000-000000000007,56451,56453
1554992478792,Workstation_6,00000000-0000-0000-0000-000000000004,42751,42758
1554992485074,Workstation_6,00000000-0000-0000-0000-000000000005,55086,55093
1554992486471,Workstation_6,00000000-0000-0000-0000-000000000003,35201,35203
1554989514720,Workstation_10,00000000-0000-0000-0000-000000000001,31307,31499
1554989518476,Workstation_10,00000000-0000-0000-0000-000000000003,35236,35247
1554989525484,Workstation_10,00000000-0000-0000-0000-000000000002,42079,42260
1554989564847,Workstation_10,00000000-0000-0000-0000-00000000006b,39336,39354
1554989566926,Workstation_10,00000000-0000-0000-0000-0000000000c3,48425,48427
1554989569829,Workstation_10,00000000-0000-0000-0000-000000000005,55098,55113
1554989605114,Workstation_10,00000000-0000-0000-0000-0000000000c6,35258,35275
1554989608104,Workstation_10,00000000-0000-0000-0000-0000000000c7,41165,41167
1554989624818,Workstation_10,00000000-0000-0000-0000-000000000095,59957,59968
1554989637305,Workstation_10,00000000-0000-0000-0000-0000000000c5,32170,32185
1554989655033,Workstation_10,00000000-0000-0000-0000-0000000000c4,46914,46916
1554989677568,Workstation_10,00000000-0000-0000-0000-0000000000c1,40238,40254
1554989677838,Workstation_10,00000000-0000-0000-0000-0000000000c2,52998,53013
1554989689859,Workstation_10,00000000-0000-0000-0000-0000000000c0,34815,34817
1554989721279,Workstation_10,00000000-0000-0000-0000-0000000000bf,43687,43704
1554989726248,Workstation_10,00000000-0000-0000-0000-0000000000be,48386,48402
1554989732959,Workstation_10,00000000-0000-0000-0000-0000000000bd,43087,43090
1554989756884,Workstation_10,00000000-0000-0000-0000-0000000000bc,35582,35599
1554989781603,Workstation_10,00000000-0000-0000-0000-0000000000bb,55333,55345
1554989789044,Workstation_10,00000000-0000-0000-0000-0000000000ba,56075,56076
1554989812021,Workstation_10,00000000-0000-0000-0000-0000000000b9,55120,55132
1554989816103,Workstation_10,00000000-0000-0000-0000-0000000000b8,34484,34493
1554989832006,Workstation_10,00000000-0000-0000-0000-0000000000b7,42947,42950
1554989850214,Workstation_10,00000000-0000-0000-0000-0000000000b6,38174,38186
1554989856802,Workstation_10,00000000-0000-0000-0000-0000000000b5,40682,40693
1554989882840,Workstation_10,00000000-0000-0000-0000-0000000000b4,50820,50824
1554989884705,Workstation_10,00000000-0000-0000-0000-0000000000b3,34478,34487
1554989902311,Workstation_10,00000000-0000-0000-0000-0000000000b2,45487,45498
1554989917417,Workstation_10,00000000-0000-0000-0000-0000000000b1,34565,34568
1554989943691,Workstation_10,00000000-0000-0000-0000-0000000000b0,58968,58980
1554989948856,Workstation_10,00000000-0000-0000-0000-0000000000af,46528,46538
1554989976680,Workstation_10,00000000-0000-0000-0000-0000000000ae,59254,59255
1554989997824,Workstation_10,00000000-0000-0000-0000-0000000000ad,54117,54128
1554990001385,Workstation_10,00000000-0000-0000-0000-0000000000ac,52509,52523
1554990013209,Workstation_10,00000000-0000-0000-0000-0000000000ab,36511,36512
1554990034032,Workstation_10,00000000-0000-0000-0000-0000000000a9,32627,32637
1554990049818,Workstation_10,00000000-0000-0000-0000-0000000000aa,51975,51987
1554990054481,Workstation_10,00000000-0000-0000-0000-0000000000a8,41257,41259
1554990068903,Workstation_10,00000000-0000-0000-0000-0000000000a7,34847,34863
1554990080180,Workstation_10,00000000-0000-0000-0000-0000000000a6,30345,30356
1554990086824,Workstation_10,00000000-0000-0000-0000-0000000000a5,32332,32335
1554990104061,Workstation_10,00000000-0000-0000-0000-0000000000a4,35139,35149
1554990111801,Workstation_10,00000000-0000-0000-0000-0000000000a3,31603,31614
1554990121589,Workstation_10,00000000-0000-0000-0000-0000000000a2,34755,34757
1554990148557,Workstation_10,00000000-0000-0000-0000-0000000000a1,44471,44489
1554990166772,Workstation_10,00000000-0000-0000-0000-0000000000a0,54952,54966
1554990169328,Workstation_10,00000000-0000-0000-0000-00000000009f,47728,47731
1554990201112,Workstation_10,00000000-0000-0000-0000-00000000009e,52537,52549
1554990212423,Workstation_10,00000000-0000-0000-0000-00000000009d,45631,45642
1554990229013,Workstation_10,00000000-0000-0000-0000-00000000009c,59674,59677
1554990257289,Workstation_10,00000000-0000-0000-0000-00000000009a,44852,44861
1554990257536,Workstation_10,00000000-0000-0000-0000-00000000009b,56408,56419
1554990262750,Workstation_10,00000000-0000-0000-0000-000000000099,33723,33726
1554990293242,Workstation_10,00000000-0000-0000-0000-000000000098,35932,35947
1554990308509,Workstation_10,00000000-0000-0000-0000-000000000097,50960,50969
1554990317409,Workstation_10,00000000-0000-0000-0000-000000000096,54646,54648
1554990345445,Workstation_10,00000000-0000-0000-0000-000000000094,52186,52194
1554990354984,Workstation_10,00000000-0000-0000-0000-000000000093,46461,46469
1554990360785,Workstation_10,00000000-0000-0000-0000-000000000092,43364,43366
1554990385979,Workstation_10,00000000-0000-0000-0000-000000000090,30979,30990
1554990401392,Workstation_10,00000000-0000-0000-0000-000000000091,55934,55942
1554990416348,Workstation_10,00000000-0000-0000-0000-00000000008f,55554,55555
1554990434985,Workstation_10,00000000-0000-0000-0000-00000000008e,48988,49000
1554990454344,Workstation_10,00000000-0000-0000-0000-00000000008d,52939,52947
1554990457759,Workstation_10,00000000-0000-0000-0000-00000000008c,41401,41403
1554990470232,Workstation_10,00000000-0000-0000-0000-00000000008b,35232,35242
1554990484958,Workstation_10,00000000-0000-0000-0000-00000000008a,30593,30609
1554990509701,Workstation_10,00000000-0000-0000-0000-000000000089,51929,51931
1554990520733,Workstation_10,00000000-0000-0000-0000-000000000088,50480,50497
1554990536558,Workstation_10,00000000-0000-0000-0000-000000000087,51582,51592
1554990557776,Workstation_10,00000000-0000-0000-0000-000000000086,48052,48058
1554990559806,Workstation_10,00000000-0000-0000-0000-000000000085,39058,39067
1554990592780,Workstation_10,00000000-0000-0000-0000-000000000084,56204,56218
1554990603893,Workstation_10,00000000-0000-0000-0000-000000000082,44070,44082
1554990616374,Workstation_10,00000000-0000-0000-0000-000000000083,58588,58589
1554990631264,Workstation_10,00000000-0000-0000-0000-000000000081,38470,38481
1554990649324,Workstation_10,00000000-0000-0000-0000-000000000080,45415,45427
1554990673684,Workstation_10,00000000-0000-0000-0000-00000000007f,57299,57301
1554990679967,Workstation_10,00000000-0000-0000-0000-00000000007e,48688,48698
1554990702814,Workstation_10,00000000-0000-0000-0000-00000000007d,53477,53486
1554990714791,Workstation_10,00000000-0000-0000-0000-00000000007c,41099,41101
1554990722486,Workstation_10,00000000-0000-0000-0000-00000000007b,42502,42515
1554990739591,Workstation_10,00000000-0000-0000-0000-00000000007a,36755,36773
1554990758703,Workstation_10,00000000-0000-0000-0000-000000000079,43904,43906
1554990774668,Workstation_10,00000000-0000-0000-0000-000000000078,52164,52176
1554990775875,Workstation_10,00000000-0000-0000-0000-000000000077,36271,36280
1554990792191,Workstation_10,00000000-0000-0000-0000-000000000076,33479,33481
1554990811548,Workstation_10,00000000-0000-0000-0000-000000000075,36862,36874
1554990825584,Workstation_10,00000000-0000-0000-0000-000000000074,49696,49705
1554990850871,Workstation_10,00000000-0000-0000-0000-000000000073,58670,58671
1554990861852,Workstation_10,00000000-0000-0000-0000-000000000072,50285,50300
1554990864961,Workstation_10,00000000-0000-0000-0000-000000000071,39361,39373
1554990901674,Workstation_10,00000000-0000-0000-0000-00000000006f,39808,39818
1554990908381,Workstation_10,00000000-0000-0000-0000-000000000070,57501,57503
1554990913219,Workstation_10,00000000-0000-0000-0000-00000000006e,48245,48255
1554990943749,Workstation_10,00000000-0000-0000-0000-00000000006d,42059,42069
1554990952285,Workstation_10,00000000-0000-0000-0000-00000000006a,39053,39061
1554990953930,Workstation_10,00000000-0000-0000-0000-00000000006c,45539,45541
1554990983453,Workstation_10,00000000-0000-0000-0000-000000000068,31155,31164
1554990991786,Workstation_10,00000000-0000-0000-0000-000000000069,48023,48033
1554991009691,Workstation_10,00000000-0000-0000-0000-000000000067,55752,55753
1554991019205,Workstation_10,00000000-0000-0000-0000-000000000066,35734,35748
1554991029805,Workstation_10,00000000-0000-0000-0000-000000000065,38002,38015
1554991047753,Workstation_10,00000000-0000-0000-0000-000000000064,38053,38054
1554991054159,Workstation_10,00000000-0000-0000-0000-000000000063,34939,34949
1554991079802,Workstation_10,00000000-0000-0000-0000-000000000062,49984,49993
1554991092904,Workstation_10,00000000-0000-0000-0000-000000000061,45143,45145
1554991107312,Workstation_10,00000000-0000-0000-0000-000000000060,53137,53146
1554991117248,Workstation_10,00000000-0000-0000-0000-00000000005f,37433,37442
1554991148993,Workstation_10,00000000-0000-0000-0000-00000000005e,56081,56081
1554991150967,Workstation_10,00000000-0000-0000-0000-00000000005c,33704,33713
1554991161505,Workstation_10,00000000-0000-0000-0000-00000000005d,54166,54189
1554991197232,Workstation_10,00000000-0000-0000-0000-00000000005b,48230,48232
1554991200294,Workstation_10,00000000-0000-0000-0000-00000000005a,49314,49323
1554991206594,Workstation_10,00000000-0000-0000-0000-000000000059,45071,45081
1554991247489,Workstation_10,00000000-0000-0000-0000-000000000057,47180,47188
1554991255851,Workstation_10,00000000-0000-0000-0000-000000000058,58609,58612
1554991259458,Workstation_10,00000000-0000-0000-0000-000000000056,52850,52860
1554991292669,Workstation_10,00000000-0000-0000-0000-000000000054,36809,36811
1554991298548,Workstation_10,00000000-0000-0000-0000-000000000055,51040,51052
1554991301446,Workstation_10,00000000-0000-0000-0000-000000000053,41975,41983
1554991325511,Workstation_10,00000000-0000-0000-0000-000000000052,32834,32834
1554991333677,Workstation_10,00000000-0000-0000-0000-000000000051,35117,35126
1554991357260,Workstation_10,00000000-0000-0000-0000-000000000050,55803,55810
1554991366827,Workstation_10,00000000-0000-0000-0000-00000000004e,33131,33146
1554991372046,Workstation_10,00000000-0000-0000-0000-00000000004f,46527,46528
1554991399048,Workstation_10,00000000-0000-0000-0000-00000000004c,32204,32217
1554991408698,Workstation_10,00000000-0000-0000-0000-00000000004d,51425,51434
1554991419786,Workstation_10,00000000-0000-0000-0000-00000000004b,47732,47732
1554991441245,Workstation_10,00000000-0000-0000-0000-000000000049,32532,32543
1554991450652,Workstation_10,00000000-0000-0000-0000-00000000004a,51588,51600
1554991452764,Workstation_10,00000000-0000-0000-0000-000000000048,32968,32970
1554991482405,Workstation_10,00000000-0000-0000-0000-000000000046,31741,31747
1554991485299,Workstation_10,00000000-0000-0000-0000-000000000047,44042,44050
1554991507669,Workstation_10,00000000-0000-0000-0000-000000000045,54897,54898
1554991513940,Workstation_10,00000000-0000-0000-0000-000000000044,31521,31529
1554991530980,Workstation_10,00000000-0000-0000-0000-000000000043,45665,45675
1554991541927,Workstation_10,00000000-0000-0000-0000-000000000042,34250,34251
1554991562995,Workstation_10,00000000-0000-0000-0000-000000000041,49043,49051
1554991576926,Workstation_10,00000000-0000-0000-0000-00000000003f,34989,34991
1554991581430,Workstation_10,00000000-0000-0000-0000-000000000040,50434,50446
1554991614967,Workstation_10,00000000-0000-0000-0000-00000000003e,51955,51967
1554991626548,Workstation_10,00000000-0000-0000-0000-00000000003c,45102,45114
1554991627568,Workstation_10,00000000-0000-0000-0000-00000000003d,50636,50638
1554991646404,Workstation_10,00000000-0000-0000-0000-00000000003b,31424,31434
1554991662842,Workstation_10,00000000-0000-0000-0000-00000000003a,36281,36290
1554991680907,Workstation_10,00000000-0000-0000-0000-000000000039,53331,53333
1554991694552,Workstation_10,00000000-0000-0000-0000-000000000038,48127,48140
1554991707825,Workstation_10,00000000-0000-0000-0000-000000000037,44971,44979
1554991740350,Workstation_10,00000000-0000-0000-0000-000000000036,59435,59437
1554991748606,Workstation_10,00000000-0000-0000-0000-000000000034,40768,40777
1554991750474,Workstation_10,00000000-0000-0000-0000-000000000035,55908,55918
1554991787652,Workstation_10,00000000-0000-0000-0000-000000000032,39030,39041
1554991793579,Workstation_10,00000000-0000-0000-0000-000000000033,53220,53224
1554991807376,Workstation_10,00000000-0000-0000-0000-000000000031,56879,56898
1554991825176,Workstation_10,00000000-0000-0000-0000-000000000030,37511,37520
1554991853698,Workstation_10,00000000-0000-0000-0000-00000000002f,60110,60112
1554991862375,Workstation_10,00000000-0000-0000-0000-00000000002e,54983,54994
1554991872336,Workstation_10,00000000-0000-0000-0000-00000000002d,47142,47156
1554991891540,Workstation_10,00000000-0000-0000-0000-00000000002c,37835,37836
1554991897218,Workstation_10,00000000-0000-0000-0000-00000000002b,34826,34840
1554991928795,Workstation_10,00000000-0000-0000-0000-00000000002a,56442,56455
1554991938334,Workstation_10,00000000-0000-0000-0000-000000000028,41102,41111
1554991946461,Workstation_10,00000000-0000-0000-0000-000000000029,54912,54912
1554991982177,Workstation_10,00000000-0000-0000-0000-000000000026,43822,43832
1554991986141,Workstation_10,00000000-0000-0000-0000-000000000027,57330,57340
1554991998518,Workstation_10,00000000-0000-0000-0000-000000000025,52048,52049
1554992021682,Workstation_10,00000000-0000-0000-0000-000000000023,35523,35532
1554992033671,Workstation_10,00000000-0000-0000-0000-000000000022,35144,35145
1554992042176,Workstation_10,00000000-0000-0000-0000-000000000024,59980,59991
1554992055634,Workstation_10,00000000-0000-0000-0000-000000000021,33943,33949
1554992074739,Workstation_10,00000000-0000-0000-0000-000000000020,41060,41061
1554992088831,Workstation_10,00000000-0000-0000-0000-00000000001f,46633,46641
1554992114474,Workstation_10,00000000-0000-0000-0000-00000000001e,58827,58834
1554992132495,Workstation_10,00000000-0000-0000-0000-00000000001d,57748,57749
1554992140711,Workstation_10,00000000-0000-0000-0000-00000000001c,51867,51877
1554992146834,Workstation_10,00000000-0000-0000-0000-00000000001b,32347,32356
1554992171150,Workstation_10,00000000-0000-0000-0000-000000000019,30425,30435
1554992192111,Workstation_10,00000000-0000-0000-0000-00000000001a,59609,59610
1554992194292,Workstation_10,00000000-0000-0000-0000-000000000018,47444,47452
1554992217888,Workstation_10,00000000-0000-0000-0000-000000000017,46724,46734
1554992234902,Workstation_10,00000000-0000-0000-0000-000000000016,42783,42785
1554992245740,Workstation_10,00000000-0000-0000-0000-000000000015,51426,51444
1554992267199,Workstation_10,00000000-0000-0000-0000-000000000013,32292,32292
1554992277045,Workstation_10,00000000-0000-0000-0000-000000000014,59145,59154
1554992287410,Workstation_10,00000000-0000-0000-0000-000000000012,41659,41669
1554992314711,Workstation_10,00000000-0000-0000-0000-000000000011,47504,47505
1554992321152,Workstation_10,00000000-0000-0000-0000-00000000000f,33729,33739
1554992329917,Workstation_10,00000000-0000-0000-0000-000000000010,52854,52868
1554992351796,Workstation_10,00000000-0000-0000-0000-00000000000e,37077,37078
1554992355391,Workstation_10,00000000-0000-0000-0000-00000000000d,34226,34233
1554992374418,Workstation_10,00000000-0000-0000-0000-00000000000c,44484,44500
1554992400016,Workstation_10,00000000-0000-0000-0000-00000000000a,44608,44619
1554992411205,Workstation_10,00000000-0000-0000-0000-000000000009,36776,36783
1554992411844,Workstation_10,00000000-0000-0000-0000-00000000000b,60040,60041
1554992444165,Workstation_10,00000000-0000-0000-0000-000000000008,44137,44146
1554992453048,Workstation_10,00000000-0000-0000-0000-000000000006,41187,41193
1554992467451,Workstation_10,00000000-0000-0000-0000-000000000007,56227,56239
