time (since java epoch),machine name,load (0 to 1)
1555064098310,103,Manager centralmanager-vm1,0.09375
1555064099310,1103,Manager centralmanager-vm1,0.19791666666666666
1555064100320,2113,Manager centralmanager-vm1,0.6666666666666666
1555064101320,3113,Manager centralmanager-vm1,0.5
1555064102320,4113,Manager centralmanager-vm1,0.08888888888888889
1555064103320,5113,Manager centralmanager-vm1,0.06593406593406594
1555064104320,6113,Manager centralmanager-vm1,0.06382978723404255
1555064105320,7113,Manager centralmanager-vm1,0.07526881720430108
1555064106320,8113,Manager centralmanager-vm1,0.011235955056179775
1555064107310,9103,Manager centralmanager-vm1,0.04081632653061224
1555064108310,10103,Manager centralmanager-vm1,0.020618556701030927
1555064109310,11103,Manager centralmanager-vm1,0.03125
1555064110310,12103,Manager centralmanager-vm1,0.05154639175257732
1555064111320,13113,Manager centralmanager-vm1,0.010309278350515464
1555064112310,14103,Manager centralmanager-vm1,0.021052631578947368
1555064113320,15113,Manager centralmanager-vm1,0.04081632653061224
1555064114310,16103,Manager centralmanager-vm1,0.05154639175257732
1555064115320,17113,Manager centralmanager-vm1,0.020618556701030927
1555064116310,18103,Manager centralmanager-vm1,0.041237113402061855
1555064117320,19113,Manager centralmanager-vm1,0.04081632653061224
1555064118310,20103,Manager centralmanager-vm1,0.020833333333333332
1555064119310,21103,Manager centralmanager-vm1,0.03125
1555064120320,22113,Manager centralmanager-vm1,0.15151515151515152
1555064121320,23113,Manager centralmanager-vm1,0.05154639175257732
1555064122310,24103,Manager centralmanager-vm1,0.05154639175257732
1555064123320,25113,Manager centralmanager-vm1,0.04040404040404041
1555064124320,26113,Manager centralmanager-vm1,0.010526315789473684
1555064125310,27103,Manager centralmanager-vm1,0.10416666666666667
1555064126311,28104,Manager centralmanager-vm1,0.34375
1555064127310,29103,Manager centralmanager-vm1,0.020618556701030927
1555064128310,30103,Manager centralmanager-vm1,0.041237113402061855
1555064129310,31103,Manager centralmanager-vm1,0.04081632653061224
1555064130320,32113,Manager centralmanager-vm1,0.020618556701030927
1555064131310,33103,Manager centralmanager-vm1,0.041237113402061855
1555064132310,34103,Manager centralmanager-vm1,0.021052631578947368
1555064133310,35103,Manager centralmanager-vm1,0.061224489795918366
1555064134320,36113,Manager centralmanager-vm1,0.010309278350515464
1555064135310,37103,Manager centralmanager-vm1,0.021052631578947368
1555064136310,38103,Manager centralmanager-vm1,0.05102040816326531
1555064137320,39113,Manager centralmanager-vm1,0.061855670103092786
1555064138310,40103,Manager centralmanager-vm1,0.03125
1555064139310,41103,Manager centralmanager-vm1,0.125
1555064140310,42103,Manager centralmanager-vm1,0.030612244897959183
1555064141310,43103,Manager centralmanager-vm1,0.030927835051546393
1555064142310,44103,Manager centralmanager-vm1,0.030927835051546393
1555064143310,45103,Manager centralmanager-vm1,0.030927835051546393
1555064144310,46103,Manager centralmanager-vm1,0.05208333333333333
1555064145320,47113,Manager centralmanager-vm1,0.05050505050505051
1555064146310,48103,Manager centralmanager-vm1,0.052083333333333336
1555064147320,49113,Manager centralmanager-vm1,0.030303030303030304
1555064148310,50103,Manager centralmanager-vm1,0.15463917525773194
1555064149320,51113,Manager centralmanager-vm1,0.288659793814433
1555064150320,52113,Manager centralmanager-vm1,0.030303030303030304
1555064151310,53103,Manager centralmanager-vm1,0.10416666666666667
1555064152320,54113,Manager centralmanager-vm1,0.0808080808080808
1555064153320,55113,Manager centralmanager-vm1,0.020618556701030927
1555064154310,56103,Manager centralmanager-vm1,0.041237113402061855
1555064155312,57105,Manager centralmanager-vm1,0.010416666666666666
1555064156310,58103,Manager centralmanager-vm1,0.03125
1555064157320,59113,Manager centralmanager-vm1,0.030303030303030304
1555064158320,60113,Manager centralmanager-vm1,0.020833333333333332
1555064159310,61103,Manager centralmanager-vm1,0.041237113402061855
1555064160310,62103,Manager centralmanager-vm1,0.030927835051546393
1555064161310,63103,Manager centralmanager-vm1,0.020618556701030927
1555064162310,64103,Manager centralmanager-vm1,0.030612244897959183
1555064163310,65103,Manager centralmanager-vm1,0.030927835051546393
1555064164310,66103,Manager centralmanager-vm1,0.020833333333333332
1555064165310,67103,Manager centralmanager-vm1,0.020618556701030927
1555064166310,68103,Manager centralmanager-vm1,0.020833333333333332
1555064167310,69103,Manager centralmanager-vm1,0.020618556701030927
1555064168310,70103,Manager centralmanager-vm1,0.020833333333333332
1555064169310,71103,Manager centralmanager-vm1,0.010526315789473684
1555064170310,72103,Manager centralmanager-vm1,0.030612244897959183
1555064171311,73104,Manager centralmanager-vm1,0.041237113402061855
1555064172320,74113,Manager centralmanager-vm1,0.010416666666666666
1555064173310,75103,Manager centralmanager-vm1,0.031578947368421054
1555064174310,76103,Manager centralmanager-vm1,0.0
1555064175310,77103,Manager centralmanager-vm1,0.041237113402061855
1555064176310,78103,Manager centralmanager-vm1,0.031914893617021274
1555064177310,79103,Manager centralmanager-vm1,0.04081632653061224
1555064178310,80103,Manager centralmanager-vm1,0.07291666666666667
1555064179310,81103,Manager centralmanager-vm1,0.020618556701030927
1555064180310,82103,Manager centralmanager-vm1,0.010526315789473684
1555064181310,83103,Manager centralmanager-vm1,0.04081632653061224
1555064182310,84103,Manager centralmanager-vm1,0.030927835051546393
1555064183310,85103,Manager centralmanager-vm1,0.010416666666666666
1555064184310,86103,Manager centralmanager-vm1,0.041237113402061855
1555064185320,87113,Manager centralmanager-vm1,0.061224489795918366
1555064186320,88113,Manager centralmanager-vm1,0.030927835051546393
1555064187310,89103,Manager centralmanager-vm1,0.010526315789473684
1555064188310,90103,Manager centralmanager-vm1,0.020618556701030927
1555064189310,91103,Manager centralmanager-vm1,0.02040816326530612
1555064190310,92103,Manager centralmanager-vm1,0.020833333333333332
1555064191310,93103,Manager centralmanager-vm1,0.030927835051546393
1555064192310,94103,Manager centralmanager-vm1,0.020833333333333332
1555064193310,95103,Manager centralmanager-vm1,0.04081632653061224
1555064194310,96103,Manager centralmanager-vm1,0.020833333333333332
1555064195310,97103,Manager centralmanager-vm1,0.030927835051546393
1555064196310,98103,Manager centralmanager-vm1,0.020618556701030927
1555064197310,99103,Manager centralmanager-vm1,0.020618556701030927
1555064198310,100103,Manager centralmanager-vm1,0.021052631578947368
1555064199310,101103,Manager centralmanager-vm1,0.020833333333333332
1555064200310,102103,Manager centralmanager-vm1,0.021052631578947368
1555064201310,103103,Manager centralmanager-vm1,0.05154639175257732
1555064202310,104103,Manager centralmanager-vm1,0.020833333333333332
1555064203310,105103,Manager centralmanager-vm1,0.03125
1555064204310,106103,Manager centralmanager-vm1,0.010416666666666666
1555064205310,107103,Manager centralmanager-vm1,0.06185567010309278
1555064206320,108113,Manager centralmanager-vm1,0.041237113402061855
1555064207310,109103,Manager centralmanager-vm1,0.14285714285714285
1555064208320,110113,Manager centralmanager-vm1,0.336734693877551
1555064209320,111113,Manager centralmanager-vm1,0.17708333333333334
1555064210310,112103,Manager centralmanager-vm1,0.02127659574468085
1555064211310,113103,Manager centralmanager-vm1,0.010526315789473684
1555064212310,114103,Manager centralmanager-vm1,0.030927835051546393
1555064213310,115103,Manager centralmanager-vm1,0.010526315789473684
1555064214310,116103,Manager centralmanager-vm1,0.020833333333333332
1555064215310,117103,Manager centralmanager-vm1,0.021052631578947368
1555064216310,118103,Manager centralmanager-vm1,0.0
1555064217310,119103,Manager centralmanager-vm1,0.020833333333333332
1555064218310,120103,Manager centralmanager-vm1,0.041666666666666664
1555064219310,121103,Manager centralmanager-vm1,0.10204081632653061
1555064220321,122114,Manager centralmanager-vm1,0.06382978723404255
1555064221320,123113,Manager centralmanager-vm1,0.030927835051546393
1555064222310,124103,Manager centralmanager-vm1,0.021505376344086023
1555064223320,125113,Manager centralmanager-vm1,0.030927835051546393
1555064224310,126103,Manager centralmanager-vm1,0.042105263157894736
1555064225310,127103,Manager centralmanager-vm1,0.010638297872340425
1555064226311,128104,Manager centralmanager-vm1,0.031578947368421054
1555064227310,129103,Manager centralmanager-vm1,0.03125
1555064228310,130103,Manager centralmanager-vm1,0.010526315789473684
1555064229310,131103,Manager centralmanager-vm1,0.15463917525773196
1555064230320,132113,Manager centralmanager-vm1,0.13541666666666666
1555064231310,133103,Manager centralmanager-vm1,0.042105263157894736
1555064232310,134103,Manager centralmanager-vm1,0.010416666666666666
1555064233310,135103,Manager centralmanager-vm1,0.021052631578947368
1555064234310,136103,Manager centralmanager-vm1,0.021052631578947368
1555064235310,137103,Manager centralmanager-vm1,0.020618556701030927
1555064236310,138103,Manager centralmanager-vm1,0.010526315789473684
1555064237310,139103,Manager centralmanager-vm1,0.041666666666666664
1555064238310,140103,Manager centralmanager-vm1,0.021052631578947368
1555064239310,141103,Manager centralmanager-vm1,0.010638297872340425
1555064240310,142103,Manager centralmanager-vm1,0.030927835051546393
1555064241311,143104,Manager centralmanager-vm1,0.021052631578947368
1555064242310,144103,Manager centralmanager-vm1,0.030927835051546393
1555064243310,145103,Manager centralmanager-vm1,0.010638297872340425
1555064244310,146103,Manager centralmanager-vm1,0.041237113402061855
1555064245310,147103,Manager centralmanager-vm1,0.010638297872340425
1555064246310,148103,Manager centralmanager-vm1,0.08247422680412371
1555064247310,149103,Manager centralmanager-vm1,0.021052631578947368
1555064248310,150103,Manager centralmanager-vm1,0.021052631578947368
1555064249310,151103,Manager centralmanager-vm1,0.07291666666666667
1555064250320,152113,Manager centralmanager-vm1,0.02040816326530612
1555064251310,153103,Manager centralmanager-vm1,0.010638297872340425
1555064252310,154103,Manager centralmanager-vm1,0.03125
1555064253310,155103,Manager centralmanager-vm1,0.03125
1555064254310,156103,Manager centralmanager-vm1,0.10526315789473684
1555064255310,157103,Manager centralmanager-vm1,0.020833333333333332
1555064256310,158103,Manager centralmanager-vm1,0.03125
1555064257310,159103,Manager centralmanager-vm1,0.041666666666666664
1555064258310,160103,Manager centralmanager-vm1,0.0
1555064259310,161103,Manager centralmanager-vm1,0.021052631578947368
1555064260310,162103,Manager centralmanager-vm1,0.030927835051546393
1555064261310,163103,Manager centralmanager-vm1,0.010526315789473684
1555064262310,164103,Manager centralmanager-vm1,0.010526315789473684
1555064263310,165103,Manager centralmanager-vm1,0.030927835051546393
1555064264310,166103,Manager centralmanager-vm1,0.010526315789473684
1555064265310,167103,Manager centralmanager-vm1,0.03125
1555064266310,168103,Manager centralmanager-vm1,0.03125
1555064267310,169103,Manager centralmanager-vm1,0.041237113402061855
1555064268311,170104,Manager centralmanager-vm1,0.010526315789473684
1555064269310,171103,Manager centralmanager-vm1,0.010526315789473684
1555064270310,172103,Manager centralmanager-vm1,0.030927835051546393
1555064271310,173103,Manager centralmanager-vm1,0.03125
1555064272310,174103,Manager centralmanager-vm1,0.010638297872340425
1555064273310,175103,Manager centralmanager-vm1,0.04081632653061224
1555064274311,176104,Manager centralmanager-vm1,0.021052631578947368
1555064275310,177103,Manager centralmanager-vm1,0.010638297872340425
1555064276310,178103,Manager centralmanager-vm1,0.020833333333333332
1555064277310,179103,Manager centralmanager-vm1,0.020833333333333332
1555064278311,180104,Manager centralmanager-vm1,0.03125
1555064279310,181103,Manager centralmanager-vm1,0.020833333333333332
1555064280310,182103,Manager centralmanager-vm1,0.0
1555064281310,183103,Manager centralmanager-vm1,0.020618556701030927
1555064282310,184103,Manager centralmanager-vm1,0.03125
1555064283310,185103,Manager centralmanager-vm1,0.28865979381443296
1555064284310,186103,Manager centralmanager-vm1,0.03125
1555064285310,187103,Manager centralmanager-vm1,0.03125
1555064286310,188103,Manager centralmanager-vm1,0.020618556701030927
1555064287310,189103,Manager centralmanager-vm1,0.010526315789473684
1555064288310,190103,Manager centralmanager-vm1,0.03125
1555064289310,191103,Manager centralmanager-vm1,0.041666666666666664
1555064290310,192103,Manager centralmanager-vm1,0.020833333333333332
1555064291310,193103,Manager centralmanager-vm1,0.020833333333333332
1555064292310,194103,Manager centralmanager-vm1,0.02127659574468085
1555064293310,195103,Manager centralmanager-vm1,0.030927835051546393
1555064294320,196113,Manager centralmanager-vm1,0.010309278350515464
1555064295310,197103,Manager centralmanager-vm1,0.031578947368421054
1555064296310,198103,Manager centralmanager-vm1,0.07291666666666667
1555064297320,199113,Manager centralmanager-vm1,0.02040816326530612
1555064298310,200103,Manager centralmanager-vm1,0.02127659574468085
1555064299310,201103,Manager centralmanager-vm1,0.020833333333333332
1555064300310,202103,Manager centralmanager-vm1,0.010526315789473684
1555064301310,203103,Manager centralmanager-vm1,0.021052631578947368
1555064302310,204103,Manager centralmanager-vm1,0.010526315789473684
1555064303310,205103,Manager centralmanager-vm1,0.042105263157894736
1555064304310,206103,Manager centralmanager-vm1,0.010526315789473684
1555064305310,207103,Manager centralmanager-vm1,0.021052631578947368
1555064306310,208103,Manager centralmanager-vm1,0.02127659574468085
1555064307310,209103,Manager centralmanager-vm1,0.020833333333333332
1555064308310,210103,Manager centralmanager-vm1,0.010416666666666666
1555064309310,211103,Manager centralmanager-vm1,0.010526315789473684
1555064310310,212103,Manager centralmanager-vm1,0.010416666666666666
1555064311310,213103,Manager centralmanager-vm1,0.020833333333333332
1555064312310,214103,Manager centralmanager-vm1,0.030927835051546393
1555064313310,215103,Manager centralmanager-vm1,0.010526315789473684
1555064314310,216103,Manager centralmanager-vm1,0.125
1555064315310,217103,Manager centralmanager-vm1,0.05154639175257732
1555064316310,218103,Manager centralmanager-vm1,0.36082474226804123
1555064317310,219103,Manager centralmanager-vm1,0.030927835051546393
1555064318310,220103,Manager centralmanager-vm1,0.041237113402061855
1555064319311,221104,Manager centralmanager-vm1,0.010416666666666666
1555064320310,222103,Manager centralmanager-vm1,0.030927835051546393
1555064321310,223103,Manager centralmanager-vm1,0.020833333333333332
1555064322310,224103,Manager centralmanager-vm1,0.010416666666666666
1555064323310,225103,Manager centralmanager-vm1,0.010526315789473684
1555064324310,226103,Manager centralmanager-vm1,0.0
1555064325310,227103,Manager centralmanager-vm1,0.010526315789473684
1555064326310,228103,Manager centralmanager-vm1,0.010526315789473684
1555064327310,229103,Manager centralmanager-vm1,0.030612244897959183
1555064328310,230103,Manager centralmanager-vm1,0.010526315789473684
1555064329310,231103,Manager centralmanager-vm1,0.010416666666666666
1555064330310,232103,Manager centralmanager-vm1,0.010526315789473684
1555064331310,233103,Manager centralmanager-vm1,0.042105263157894736
1555064332320,234113,Manager centralmanager-vm1,0.07216494845360824
1555064333310,235103,Manager centralmanager-vm1,0.021052631578947368
1555064334310,236103,Manager centralmanager-vm1,0.020618556701030927
1555064335310,237103,Manager centralmanager-vm1,0.03125
1555064336310,238103,Manager centralmanager-vm1,0.0625
1555064337320,239113,Manager centralmanager-vm1,0.020618556701030927
1555064338310,240103,Manager centralmanager-vm1,0.030927835051546393
1555064339310,241103,Manager centralmanager-vm1,0.031578947368421054
1555064340310,242103,Manager centralmanager-vm1,0.020833333333333332
1555064341320,243113,Manager centralmanager-vm1,0.020618556701030927
1555064342310,244103,Manager centralmanager-vm1,0.020833333333333332
1555064343310,245103,Manager centralmanager-vm1,0.010416666666666666
1555064344310,246103,Manager centralmanager-vm1,0.1134020618556701
1555064345320,247113,Manager centralmanager-vm1,0.1326530612244898
1555064346320,248113,Manager centralmanager-vm1,0.020618556701030927
1555064347310,249103,Manager centralmanager-vm1,0.010526315789473684
1555064348310,250103,Manager centralmanager-vm1,0.030612244897959183
1555064349310,251103,Manager centralmanager-vm1,0.010526315789473684
1555064350310,252103,Manager centralmanager-vm1,0.020618556701030927
1555064351312,253105,Manager centralmanager-vm1,0.030927835051546393
1555064352310,254103,Manager centralmanager-vm1,0.020618556701030927
1555064353311,255104,Manager centralmanager-vm1,0.010526315789473684
1555064354310,256103,Manager centralmanager-vm1,0.03125
1555064355320,257113,Manager centralmanager-vm1,0.020833333333333332
1555064356310,258103,Manager centralmanager-vm1,0.020833333333333332
1555064357310,259103,Manager centralmanager-vm1,0.010416666666666666
1555064358310,260103,Manager centralmanager-vm1,0.020618556701030927
1555064359310,261103,Manager centralmanager-vm1,0.041237113402061855
1555064360310,262103,Manager centralmanager-vm1,0.030927835051546393
1555064361310,263103,Manager centralmanager-vm1,0.030612244897959183
1555064362310,264103,Manager centralmanager-vm1,0.0
1555064363310,265103,Manager centralmanager-vm1,0.02040816326530612
1555064364310,266103,Manager centralmanager-vm1,0.020833333333333332
1555064365320,267113,Manager centralmanager-vm1,0.020618556701030927
1555064366310,268103,Manager centralmanager-vm1,0.0
1555064367310,269103,Manager centralmanager-vm1,0.030927835051546393
1555064368310,270103,Manager centralmanager-vm1,0.0
1555064369310,271103,Manager centralmanager-vm1,0.010416666666666666
1555064370310,272103,Manager centralmanager-vm1,0.010416666666666666
1555064371310,273103,Manager centralmanager-vm1,0.020618556701030927
1555064372310,274103,Manager centralmanager-vm1,0.020833333333333332
1555064373310,275103,Manager centralmanager-vm1,0.030927835051546393
1555064374310,276103,Manager centralmanager-vm1,0.19791666666666666
1555064375310,277103,Manager centralmanager-vm1,0.010416666666666666
1555064376310,278103,Manager centralmanager-vm1,0.020618556701030927
1555064377310,279103,Manager centralmanager-vm1,0.010416666666666666
1555064378310,280103,Manager centralmanager-vm1,0.010416666666666666
1555064379314,281107,Manager centralmanager-vm1,0.020833333333333332
1555064380310,282103,Manager centralmanager-vm1,0.03125
1555064381310,283103,Manager centralmanager-vm1,0.0
1555064382310,284103,Manager centralmanager-vm1,0.020833333333333332
1555064383310,285103,Manager centralmanager-vm1,0.3673469387755102
1555064384320,286113,Manager centralmanager-vm1,0.030612244897959183
1555064385310,287103,Manager centralmanager-vm1,0.021052631578947368
1555064386310,288103,Manager centralmanager-vm1,0.020833333333333332
1555064387310,289103,Manager centralmanager-vm1,0.020618556701030927
1555064388310,290103,Manager centralmanager-vm1,0.010526315789473684
1555064389310,291103,Manager centralmanager-vm1,0.0
1555064390310,292103,Manager centralmanager-vm1,0.020618556701030927
1555064391310,293103,Manager centralmanager-vm1,0.041666666666666664
1555064392310,294103,Manager centralmanager-vm1,0.030927835051546393
1555064393310,295103,Manager centralmanager-vm1,0.021052631578947368
1555064394310,296103,Manager centralmanager-vm1,0.03125
1555064395310,297103,Manager centralmanager-vm1,0.030927835051546393
1555064396320,298113,Manager centralmanager-vm1,0.010309278350515464
1555064397311,299104,Manager centralmanager-vm1,0.021052631578947368
1555064398310,300103,Manager centralmanager-vm1,0.020618556701030927
1555064399311,301104,Manager centralmanager-vm1,0.052083333333333336
1555064400310,302103,Manager centralmanager-vm1,0.030927835051546393
1555064401310,303103,Manager centralmanager-vm1,0.010416666666666666
1555064402310,304103,Manager centralmanager-vm1,0.041237113402061855
1555064403320,305113,Manager centralmanager-vm1,0.030927835051546393
1555064404320,306113,Manager centralmanager-vm1,0.030612244897959183
1555064405310,307103,Manager centralmanager-vm1,0.021052631578947368
1555064406310,308103,Manager centralmanager-vm1,0.030927835051546393
1555064407310,309103,Manager centralmanager-vm1,0.020618556701030927
1555064408310,310103,Manager centralmanager-vm1,0.0
1555064409310,311103,Manager centralmanager-vm1,0.030927835051546393
1555064410310,312103,Manager centralmanager-vm1,0.03125
1555064411310,313103,Manager centralmanager-vm1,0.010416666666666666
1555064412310,314103,Manager centralmanager-vm1,0.020833333333333332
1555064413310,315103,Manager centralmanager-vm1,0.010416666666666666
1555064414311,316104,Manager centralmanager-vm1,0.020833333333333332
1555064415310,317103,Manager centralmanager-vm1,0.010416666666666666
1555064416309,318102,Manager centralmanager-vm1,0.030612244897959183
1555064417310,319103,Manager centralmanager-vm1,0.04081632653061224
1555064418310,320103,Manager centralmanager-vm1,0.07291666666666667
1555064419320,321113,Manager centralmanager-vm1,0.02040816326530612
1555064420310,322103,Manager centralmanager-vm1,0.03125
1555064421310,323103,Manager centralmanager-vm1,0.010416666666666666
1555064422310,324103,Manager centralmanager-vm1,0.020618556701030927
1555064423310,325103,Manager centralmanager-vm1,0.010416666666666666
1555064424310,326103,Manager centralmanager-vm1,0.020618556701030927
1555064425310,327103,Manager centralmanager-vm1,0.021052631578947368
1555064426310,328103,Manager centralmanager-vm1,0.052083333333333336
1555064427320,329113,Manager centralmanager-vm1,0.030612244897959183
1555064428310,330103,Manager centralmanager-vm1,0.13541666666666666
1555064429320,331113,Manager centralmanager-vm1,0.09183673469387756
1555064430310,332103,Manager centralmanager-vm1,0.030927835051546393
1555064431310,333103,Manager centralmanager-vm1,0.030612244897959183
1555064432310,334103,Manager centralmanager-vm1,0.031578947368421054
1555064433320,335113,Manager centralmanager-vm1,0.010416666666666666
1555064434310,336103,Manager centralmanager-vm1,0.030927835051546393
1555064435310,337103,Manager centralmanager-vm1,0.030927835051546393
1555064436320,338113,Manager centralmanager-vm1,0.08163265306122448
1555064437320,339113,Manager centralmanager-vm1,0.020618556701030927
1555064438310,340103,Manager centralmanager-vm1,0.030927835051546393
1555064439310,341103,Manager centralmanager-vm1,0.010638297872340425
1555064440310,342103,Manager centralmanager-vm1,0.030612244897959183
1555064441310,343103,Manager centralmanager-vm1,0.020618556701030927
1555064442310,344103,Manager centralmanager-vm1,0.010416666666666666
1555064443310,345103,Manager centralmanager-vm1,0.030927835051546393
1555064444310,346103,Manager centralmanager-vm1,0.010416666666666666
1555064445310,347103,Manager centralmanager-vm1,0.030612244897959183
1555064446310,348103,Manager centralmanager-vm1,0.020618556701030927
1555064447310,349103,Manager centralmanager-vm1,0.020833333333333332
1555064448310,350103,Manager centralmanager-vm1,0.05154639175257732
1555064449320,351113,Manager centralmanager-vm1,0.030303030303030304
1555064450310,352103,Manager centralmanager-vm1,0.03125
1555064451310,353103,Manager centralmanager-vm1,0.030612244897959183
1555064452320,354113,Manager centralmanager-vm1,0.0
1555064453310,355103,Manager centralmanager-vm1,0.021052631578947368
1555064454310,356103,Manager centralmanager-vm1,0.020618556701030927
1555064455310,357103,Manager centralmanager-vm1,0.020618556701030927
1555064456310,358103,Manager centralmanager-vm1,0.041237113402061855
1555064457310,359103,Manager centralmanager-vm1,0.010416666666666666
1555064458310,360103,Manager centralmanager-vm1,0.020833333333333332
1555064459310,361103,Manager centralmanager-vm1,0.020618556701030927
1555064460310,362103,Manager centralmanager-vm1,0.020618556701030927
1555064461310,363103,Manager centralmanager-vm1,0.020618556701030927
1555064462310,364103,Manager centralmanager-vm1,0.17708333333333334
1555064463320,365113,Manager centralmanager-vm1,0.030927835051546393
1555064464310,366103,Manager centralmanager-vm1,0.010526315789473684
1555064465310,367103,Manager centralmanager-vm1,0.020618556701030927
1555064466310,368103,Manager centralmanager-vm1,0.010416666666666666
1555064467310,369103,Manager centralmanager-vm1,0.020618556701030927
1555064468311,370104,Manager centralmanager-vm1,0.020618556701030927
1555064469310,371103,Manager centralmanager-vm1,0.010416666666666666
1555064470310,372103,Manager centralmanager-vm1,0.05154639175257732
1555064471320,373113,Manager centralmanager-vm1,0.0
1555064472310,374103,Manager centralmanager-vm1,0.021052631578947368
1555064473310,375103,Manager centralmanager-vm1,0.1134020618556701
1555064474320,376113,Manager centralmanager-vm1,0.030612244897959183
1555064475310,377103,Manager centralmanager-vm1,0.04081632653061224
1555064476310,378103,Manager centralmanager-vm1,0.020833333333333332
1555064477310,379103,Manager centralmanager-vm1,0.030612244897959183
1555064478310,380103,Manager centralmanager-vm1,0.030612244897959183
1555064479310,381103,Manager centralmanager-vm1,0.010416666666666666
1555064480310,382103,Manager centralmanager-vm1,0.010526315789473684
1555064481310,383103,Manager centralmanager-vm1,0.0510204081632653
1555064482310,384103,Manager centralmanager-vm1,0.020833333333333332
1555064483310,385103,Manager centralmanager-vm1,0.010416666666666666
1555064484310,386103,Manager centralmanager-vm1,0.020833333333333332
1555064485310,387103,Manager centralmanager-vm1,0.010416666666666666
1555064486310,388103,Manager centralmanager-vm1,0.010526315789473684
1555064487310,389103,Manager centralmanager-vm1,0.0
1555064488310,390103,Manager centralmanager-vm1,0.010526315789473684
1555064489310,391103,Manager centralmanager-vm1,0.020618556701030927
1555064490310,392103,Manager centralmanager-vm1,0.030612244897959183
1555064491310,393103,Manager centralmanager-vm1,0.020833333333333332
1555064492310,394103,Manager centralmanager-vm1,0.010416666666666666
1555064493310,395103,Manager centralmanager-vm1,0.030303030303030304
1555064494310,396103,Manager centralmanager-vm1,0.020833333333333332
1555064495310,397103,Manager centralmanager-vm1,0.020618556701030927
1555064496310,398103,Manager centralmanager-vm1,0.03125
1555064497320,399113,Manager centralmanager-vm1,0.02040816326530612
1555064498310,400103,Manager centralmanager-vm1,0.020833333333333332
1555064499310,401103,Manager centralmanager-vm1,0.010416666666666666
1555064500310,402103,Manager centralmanager-vm1,0.04040404040404041
1555064501310,403103,Manager centralmanager-vm1,0.010416666666666666
1555064502310,404103,Manager centralmanager-vm1,0.010416666666666666
1555064503310,405103,Manager centralmanager-vm1,0.030927835051546393
1555064504313,406106,Manager centralmanager-vm1,0.030927835051546393
1555064505310,407103,Manager centralmanager-vm1,0.03125
1555064506310,408103,Manager centralmanager-vm1,0.020618556701030927
1555064507310,409103,Manager centralmanager-vm1,0.020833333333333332
1555064508310,410103,Manager centralmanager-vm1,0.020618556701030927
1555064509310,411103,Manager centralmanager-vm1,0.020618556701030927
1555064510310,412103,Manager centralmanager-vm1,0.14141414141414144
1555064511320,413113,Manager centralmanager-vm1,0.010309278350515464
1555064512310,414103,Manager centralmanager-vm1,0.020833333333333332
1555064513310,415103,Manager centralmanager-vm1,0.05154639175257732
1555064514310,416103,Manager centralmanager-vm1,0.020833333333333332
1555064515310,417103,Manager centralmanager-vm1,0.020618556701030927
1555064516310,418103,Manager centralmanager-vm1,0.010416666666666666
1555064517310,419103,Manager centralmanager-vm1,0.010416666666666666
1555064518310,420103,Manager centralmanager-vm1,0.010416666666666666
1555064519310,421103,Manager centralmanager-vm1,0.0
1555064520310,422103,Manager centralmanager-vm1,0.020833333333333332
1555064521320,423113,Manager centralmanager-vm1,0.010309278350515464
1555064522310,424103,Manager centralmanager-vm1,0.020833333333333332
1555064523310,425103,Manager centralmanager-vm1,0.020833333333333332
1555064524310,426103,Manager centralmanager-vm1,0.010416666666666666
1555064525310,427103,Manager centralmanager-vm1,0.030612244897959183
1555064526310,428103,Manager centralmanager-vm1,0.020618556701030927
1555064527310,429103,Manager centralmanager-vm1,0.020833333333333332
1555064528310,430103,Manager centralmanager-vm1,0.010526315789473684
1555064529310,431103,Manager centralmanager-vm1,0.010416666666666666
1555064530310,432103,Manager centralmanager-vm1,0.010416666666666666
1555064531310,433103,Manager centralmanager-vm1,0.061855670103092786
1555064532320,434113,Manager centralmanager-vm1,0.04081632653061224
1555064533310,435103,Manager centralmanager-vm1,0.020833333333333332
1555064534310,436103,Manager centralmanager-vm1,0.0
1555064535310,437103,Manager centralmanager-vm1,0.020618556701030927
1555064536310,438103,Manager centralmanager-vm1,0.010416666666666666
1555064537310,439103,Manager centralmanager-vm1,0.020618556701030927
1555064538310,440103,Manager centralmanager-vm1,0.030612244897959183
1555064539310,441103,Manager centralmanager-vm1,0.020618556701030927
1555064540311,442104,Manager centralmanager-vm1,0.020618556701030927
1555064541310,443103,Manager centralmanager-vm1,0.010416666666666666
1555064542310,444103,Manager centralmanager-vm1,0.010416666666666666
1555064543310,445103,Manager centralmanager-vm1,0.41414141414141414
1555064544320,446113,Manager centralmanager-vm1,0.15463917525773196
1555064545310,447103,Manager centralmanager-vm1,0.020833333333333332
1555064546310,448103,Manager centralmanager-vm1,0.010416666666666666
1555064547310,449103,Manager centralmanager-vm1,0.010416666666666666
1555064548310,450103,Manager centralmanager-vm1,0.020618556701030927
1555064549311,451104,Manager centralmanager-vm1,0.020618556701030927
1555064550310,452103,Manager centralmanager-vm1,0.010416666666666666
1555064551310,453103,Manager centralmanager-vm1,0.020618556701030927
1555064552310,454103,Manager centralmanager-vm1,0.020618556701030927
1555064553310,455103,Manager centralmanager-vm1,0.010416666666666666
1555064554310,456103,Manager centralmanager-vm1,0.020618556701030927
1555064555310,457103,Manager centralmanager-vm1,0.010416666666666666
1555064556310,458103,Manager centralmanager-vm1,0.020833333333333332
1555064557310,459103,Manager centralmanager-vm1,0.04040404040404041
1555064558310,460103,Manager centralmanager-vm1,0.020618556701030927
1555064559310,461103,Manager centralmanager-vm1,0.020618556701030927
1555064560310,462103,Manager centralmanager-vm1,0.030927835051546393
1555064561310,463103,Manager centralmanager-vm1,0.020618556701030927
1555064562310,464103,Manager centralmanager-vm1,0.020833333333333332
1555064563310,465103,Manager centralmanager-vm1,0.010309278350515464
1555064564310,466103,Manager centralmanager-vm1,0.020618556701030927
1555064565310,467103,Manager centralmanager-vm1,0.010416666666666666
1555064566310,468103,Manager centralmanager-vm1,0.010416666666666666
1555064567310,469103,Manager centralmanager-vm1,0.020618556701030927
1555064568310,470103,Manager centralmanager-vm1,0.010416666666666666
1555064569310,471103,Manager centralmanager-vm1,0.020618556701030927
1555064570310,472103,Manager centralmanager-vm1,0.0
1555064571310,473103,Manager centralmanager-vm1,0.07291666666666667
1555064572310,474103,Manager centralmanager-vm1,0.030612244897959183
1555064573310,475103,Manager centralmanager-vm1,0.0
1555064574310,476103,Manager centralmanager-vm1,0.030927835051546393
1555064575310,477103,Manager centralmanager-vm1,0.0
1555064576310,478103,Manager centralmanager-vm1,0.020833333333333332
1555064577310,479103,Manager centralmanager-vm1,0.061855670103092786
1555064578310,480103,Manager centralmanager-vm1,0.020833333333333332
1555064579310,481103,Manager centralmanager-vm1,0.020618556701030927
1555064580310,482103,Manager centralmanager-vm1,0.010416666666666666
1555064581310,483103,Manager centralmanager-vm1,0.04040404040404041
1555064582310,484103,Manager centralmanager-vm1,0.030612244897959183
1555064583310,485103,Manager centralmanager-vm1,0.0
1555064584310,486103,Manager centralmanager-vm1,0.061224489795918366
1555064585320,487113,Manager centralmanager-vm1,0.020618556701030927
1555064586310,488103,Manager centralmanager-vm1,0.030927835051546393
1555064587311,489104,Manager centralmanager-vm1,0.020618556701030927
1555064588310,490103,Manager centralmanager-vm1,0.010416666666666666
1555064589310,491103,Manager centralmanager-vm1,0.020618556701030927
1555064590310,492103,Manager centralmanager-vm1,0.010416666666666666
1555064591310,493103,Manager centralmanager-vm1,0.03125
1555064592310,494103,Manager centralmanager-vm1,0.010416666666666666
1555064593310,495103,Manager centralmanager-vm1,0.02040816326530612
1555064594310,496103,Manager centralmanager-vm1,0.010416666666666666
1555064595310,497103,Manager centralmanager-vm1,0.0
1555064596310,498103,Manager centralmanager-vm1,0.020618556701030927
1555064597310,499103,Manager centralmanager-vm1,0.020618556701030927
1555064598310,500103,Manager centralmanager-vm1,0.020618556701030927
1555064599310,501103,Manager centralmanager-vm1,0.030612244897959183
1555064600310,502103,Manager centralmanager-vm1,0.0
1555064601310,503103,Manager centralmanager-vm1,0.020618556701030927
1555064602310,504103,Manager centralmanager-vm1,0.020618556701030927
1555064603310,505103,Manager centralmanager-vm1,0.030612244897959183
1555064604310,506103,Manager centralmanager-vm1,0.020618556701030927
1555064605310,507103,Manager centralmanager-vm1,0.030927835051546393
1555064606310,508103,Manager centralmanager-vm1,0.0
1555064607310,509103,Manager centralmanager-vm1,0.04081632653061224
1555064608310,510103,Manager centralmanager-vm1,0.020618556701030927
1555064609310,511103,Manager centralmanager-vm1,0.020618556701030927
1555064610310,512103,Manager centralmanager-vm1,0.0
1555064611310,513103,Manager centralmanager-vm1,0.020618556701030927
1555064612310,514103,Manager centralmanager-vm1,0.020833333333333332
1555064613310,515103,Manager centralmanager-vm1,0.020833333333333332
1555064614310,516103,Manager centralmanager-vm1,0.0
1555064615310,517103,Manager centralmanager-vm1,0.010526315789473684
1555064616310,518103,Manager centralmanager-vm1,0.010416666666666666
1555064617310,519103,Manager centralmanager-vm1,0.0
1555064618310,520103,Manager centralmanager-vm1,0.030612244897959183
1555064619310,521103,Manager centralmanager-vm1,0.0
1555064620310,522103,Manager centralmanager-vm1,0.010416666666666666
1555064621310,523103,Manager centralmanager-vm1,0.020618556701030927
1555064622310,524103,Manager centralmanager-vm1,0.0
1555064623310,525103,Manager centralmanager-vm1,0.030927835051546393
1555064624310,526103,Manager centralmanager-vm1,0.010416666666666666
1555064625310,527103,Manager centralmanager-vm1,0.010416666666666666
1555064626310,528103,Manager centralmanager-vm1,0.020618556701030927
1555064627310,529103,Manager centralmanager-vm1,0.010309278350515464
1555064628310,530103,Manager centralmanager-vm1,0.020833333333333332
1555064629310,531103,Manager centralmanager-vm1,0.010416666666666666
1555064630310,532103,Manager centralmanager-vm1,0.02040816326530612
1555064631310,533103,Manager centralmanager-vm1,0.010526315789473684
1555064632310,534103,Manager centralmanager-vm1,0.010309278350515464
1555064633310,535103,Manager centralmanager-vm1,0.020618556701030927
1555064634310,536103,Manager centralmanager-vm1,0.010309278350515464
1555064635310,537103,Manager centralmanager-vm1,0.010416666666666666
1555064636310,538103,Manager centralmanager-vm1,0.030612244897959183
1555064637310,539103,Manager centralmanager-vm1,0.010416666666666666
1555064638310,540103,Manager centralmanager-vm1,0.010416666666666666
1555064639310,541103,Manager centralmanager-vm1,0.030612244897959183
1555064640310,542103,Manager centralmanager-vm1,0.010416666666666666
1555064641310,543103,Manager centralmanager-vm1,0.010416666666666666
1555064642310,544103,Manager centralmanager-vm1,0.030612244897959183
1555064643310,545103,Manager centralmanager-vm1,0.010416666666666666
1555064644310,546103,Manager centralmanager-vm1,0.010416666666666666
1555064645310,547103,Manager centralmanager-vm1,0.020833333333333332
1555064646310,548103,Manager centralmanager-vm1,0.020618556701030927
1555064647310,549103,Manager centralmanager-vm1,0.020618556701030927
1555064648310,550103,Manager centralmanager-vm1,0.0
1555064649310,551103,Manager centralmanager-vm1,0.030927835051546393
1555064650310,552103,Manager centralmanager-vm1,0.030303030303030304
1555064651310,553103,Manager centralmanager-vm1,0.030612244897959183
1555064652310,554103,Manager centralmanager-vm1,0.020618556701030927
1555064653310,555103,Manager centralmanager-vm1,0.020618556701030927
1555064654310,556103,Manager centralmanager-vm1,0.010416666666666666
1555064655310,557103,Manager centralmanager-vm1,0.04081632653061224
1555064656310,558103,Manager centralmanager-vm1,0.020618556701030927
1555064657310,559103,Manager centralmanager-vm1,0.02040816326530612
1555064658310,560103,Manager centralmanager-vm1,0.010416666666666666
1555064659310,561103,Manager centralmanager-vm1,0.030927835051546393
1555064660310,562103,Manager centralmanager-vm1,0.030612244897959183
1555064661310,563103,Manager centralmanager-vm1,0.020618556701030927
1555064662310,564103,Manager centralmanager-vm1,0.010416666666666666
1555064663310,565103,Manager centralmanager-vm1,0.020618556701030927
1555064664310,566103,Manager centralmanager-vm1,0.020618556701030927
1555064665310,567103,Manager centralmanager-vm1,0.020618556701030927
1555064666311,568104,Manager centralmanager-vm1,0.010309278350515464
1555064667310,569103,Manager centralmanager-vm1,0.020618556701030927
1555064668310,570103,Manager centralmanager-vm1,0.010416666666666666
1555064669310,571103,Manager centralmanager-vm1,0.020618556701030927
1555064670310,572103,Manager centralmanager-vm1,0.010416666666666666
1555064671310,573103,Manager centralmanager-vm1,0.020618556701030927
1555064672310,574103,Manager centralmanager-vm1,0.020618556701030927
1555064673311,575104,Manager centralmanager-vm1,0.010416666666666666
1555064674310,576103,Manager centralmanager-vm1,0.010416666666666666
1555064675310,577103,Manager centralmanager-vm1,0.030303030303030304
1555064676310,578103,Manager centralmanager-vm1,0.030612244897959183
1555064677310,579103,Manager centralmanager-vm1,0.010416666666666666
1555064678310,580103,Manager centralmanager-vm1,0.010416666666666666
1555064679310,581103,Manager centralmanager-vm1,0.010416666666666666
1555064680310,582103,Manager centralmanager-vm1,0.020618556701030927
1555064681310,583103,Manager centralmanager-vm1,0.020618556701030927
1555064682310,584103,Manager centralmanager-vm1,0.020618556701030927
1555064683310,585103,Manager centralmanager-vm1,0.020618556701030927
1555064684310,586103,Manager centralmanager-vm1,0.0
1555064685310,587103,Manager centralmanager-vm1,0.020618556701030927
1555064686310,588103,Manager centralmanager-vm1,0.030612244897959183
1555064687310,589103,Manager centralmanager-vm1,0.0510204081632653
1555064688320,590113,Manager centralmanager-vm1,0.02040816326530612
1555064689310,591103,Manager centralmanager-vm1,0.020618556701030927
1555064690310,592103,Manager centralmanager-vm1,0.010416666666666666
1555064691310,593103,Manager centralmanager-vm1,0.010416666666666666
1555064692310,594103,Manager centralmanager-vm1,0.0
1555064693310,595103,Manager centralmanager-vm1,0.020618556701030927
1555064694310,596103,Manager centralmanager-vm1,0.0
1555064695310,597103,Manager centralmanager-vm1,0.030612244897959183
1555064696310,598103,Manager centralmanager-vm1,0.020618556701030927
1555064697310,599103,Manager centralmanager-vm1,0.020618556701030927
1555064698310,600103,Manager centralmanager-vm1,0.010416666666666666
1555064699310,601103,Manager centralmanager-vm1,0.020833333333333332
1555064700310,602103,Manager centralmanager-vm1,0.07216494845360825
1555064701320,603113,Manager centralmanager-vm1,0.02040816326530612
1555064702310,604103,Manager centralmanager-vm1,0.020833333333333332
1555064703310,605103,Manager centralmanager-vm1,0.010416666666666666
1555064704310,606103,Manager centralmanager-vm1,0.010416666666666666
1555064705310,607103,Manager centralmanager-vm1,0.020833333333333332
1555064706310,608103,Manager centralmanager-vm1,0.02040816326530612
1555064707310,609103,Manager centralmanager-vm1,0.010416666666666666
1555064708310,610103,Manager centralmanager-vm1,0.030612244897959183
1555064709310,611103,Manager centralmanager-vm1,0.020618556701030927
1555064710310,612103,Manager centralmanager-vm1,0.020833333333333332
1555064711310,613103,Manager centralmanager-vm1,0.030927835051546393
1555064712310,614103,Manager centralmanager-vm1,0.08163265306122448
1555064713310,615103,Manager centralmanager-vm1,0.010309278350515464
1555064714310,616103,Manager centralmanager-vm1,0.010526315789473684
1555064715310,617103,Manager centralmanager-vm1,0.010309278350515464
1555064716310,618103,Manager centralmanager-vm1,0.030612244897959183
1555064717310,619103,Manager centralmanager-vm1,0.0
1555064718310,620103,Manager centralmanager-vm1,0.030612244897959183
1555064719310,621103,Manager centralmanager-vm1,0.021052631578947368
1555064720310,622103,Manager centralmanager-vm1,0.030612244897959183
1555064721310,623103,Manager centralmanager-vm1,0.010526315789473684
1555064722310,624103,Manager centralmanager-vm1,0.04081632653061224
1555064723320,625113,Manager centralmanager-vm1,0.010309278350515464
1555064724310,626103,Manager centralmanager-vm1,0.041237113402061855
1555064725321,627114,Manager centralmanager-vm1,0.02040816326530612
1555064726310,628103,Manager centralmanager-vm1,0.0
1555064727310,629103,Manager centralmanager-vm1,0.020618556701030927
1555064728310,630103,Manager centralmanager-vm1,0.030927835051546393
1555064729310,631103,Manager centralmanager-vm1,0.030612244897959183
1555064730310,632103,Manager centralmanager-vm1,0.020833333333333332
1555064731310,633103,Manager centralmanager-vm1,0.030612244897959183
1555064732310,634103,Manager centralmanager-vm1,0.030612244897959183
1555064733310,635103,Manager centralmanager-vm1,0.020618556701030927
1555064734310,636103,Manager centralmanager-vm1,0.010526315789473684
1555064735310,637103,Manager centralmanager-vm1,0.010309278350515464
1555064736310,638103,Manager centralmanager-vm1,0.010416666666666666
1555064737310,639103,Manager centralmanager-vm1,0.030612244897959183
1555064738310,640103,Manager centralmanager-vm1,0.020618556701030927
1555064739310,641103,Manager centralmanager-vm1,0.020618556701030927
1555064740310,642103,Manager centralmanager-vm1,0.020618556701030927
1555064741310,643103,Manager centralmanager-vm1,0.030612244897959183
1555064742310,644103,Manager centralmanager-vm1,0.010416666666666666
1555064743310,645103,Manager centralmanager-vm1,0.0
1555064744310,646103,Manager centralmanager-vm1,0.18556701030927836
1555064745319,647112,Manager centralmanager-vm1,0.15151515151515152
1555064746320,648113,Manager centralmanager-vm1,0.4742268041237113
1555064747310,649103,Manager centralmanager-vm1,0.030612244897959183
1555064748310,650103,Manager centralmanager-vm1,0.030612244897959183
1555064749310,651103,Manager centralmanager-vm1,0.010526315789473684
1555064750310,652103,Manager centralmanager-vm1,0.010309278350515464
1555064751310,653103,Manager centralmanager-vm1,0.030612244897959183
1555064752310,654103,Manager centralmanager-vm1,0.020618556701030927
1555064753310,655103,Manager centralmanager-vm1,0.0
1555064754310,656103,Manager centralmanager-vm1,0.010416666666666666
1555064755309,657102,Manager centralmanager-vm1,0.020618556701030927
1555064756310,658103,Manager centralmanager-vm1,0.010416666666666666
1555064757310,659103,Manager centralmanager-vm1,0.010416666666666666
1555064758310,660103,Manager centralmanager-vm1,0.010416666666666666
1555064759310,661103,Manager centralmanager-vm1,0.010416666666666666
1555064760310,662103,Manager centralmanager-vm1,0.020618556701030927
1555064761310,663103,Manager centralmanager-vm1,0.020618556701030927
1555064762310,664103,Manager centralmanager-vm1,0.12371134020618557
1555064763320,665113,Manager centralmanager-vm1,0.020618556701030927
1555064764320,666113,Manager centralmanager-vm1,0.020618556701030927
1555064765310,667103,Manager centralmanager-vm1,0.020833333333333332
1555064766310,668103,Manager centralmanager-vm1,0.02040816326530612
1555064767310,669103,Manager centralmanager-vm1,0.010416666666666666
1555064768310,670103,Manager centralmanager-vm1,0.020618556701030927
1555064769310,671103,Manager centralmanager-vm1,0.010309278350515464
1555064770310,672103,Manager centralmanager-vm1,0.020618556701030927
1555064771310,673103,Manager centralmanager-vm1,0.010416666666666666
1555064772310,674103,Manager centralmanager-vm1,0.020618556701030927
1555064773310,675103,Manager centralmanager-vm1,0.030612244897959183
1555064774310,676103,Manager centralmanager-vm1,0.010416666666666666
1555064775310,677103,Manager centralmanager-vm1,0.020618556701030927
1555064776310,678103,Manager centralmanager-vm1,0.010416666666666666
1555064777310,679103,Manager centralmanager-vm1,0.030303030303030304
1555064778310,680103,Manager centralmanager-vm1,0.0
1555064779310,681103,Manager centralmanager-vm1,0.010416666666666666
1555064780310,682103,Manager centralmanager-vm1,0.020618556701030927
1555064781310,683103,Manager centralmanager-vm1,0.020618556701030927
1555064782310,684103,Manager centralmanager-vm1,0.010416666666666666
1555064783310,685103,Manager centralmanager-vm1,0.030927835051546393
1555064784310,686103,Manager centralmanager-vm1,0.030612244897959183
1555064785310,687103,Manager centralmanager-vm1,0.020618556701030927
1555064786310,688103,Manager centralmanager-vm1,0.010416666666666666
1555064787310,689103,Manager centralmanager-vm1,0.010416666666666666
1555064788310,690103,Manager centralmanager-vm1,0.030303030303030304
1555064789310,691103,Manager centralmanager-vm1,0.010416666666666666
1555064790310,692103,Manager centralmanager-vm1,0.020618556701030927
1555064791310,693103,Manager centralmanager-vm1,0.020833333333333332
1555064792310,694103,Manager centralmanager-vm1,0.02040816326530612
1555064793310,695103,Manager centralmanager-vm1,0.010526315789473684
1555064794310,696103,Manager centralmanager-vm1,0.030612244897959183
1555064795310,697103,Manager centralmanager-vm1,0.010416666666666666
1555064796310,698103,Manager centralmanager-vm1,0.010526315789473684
1555064797310,699103,Manager centralmanager-vm1,0.010416666666666666
1555064798310,700103,Manager centralmanager-vm1,0.020618556701030927
1555064799310,701103,Manager centralmanager-vm1,0.010526315789473684
1555064800310,702103,Manager centralmanager-vm1,0.0
1555064801310,703103,Manager centralmanager-vm1,0.010416666666666666
1555064802310,704103,Manager centralmanager-vm1,0.010526315789473684
1555064803310,705103,Manager centralmanager-vm1,0.020618556701030927
1555064804310,706103,Manager centralmanager-vm1,0.010416666666666666
1555064805310,707103,Manager centralmanager-vm1,0.010416666666666666
1555064806310,708103,Manager centralmanager-vm1,0.020618556701030927
1555064807310,709103,Manager centralmanager-vm1,0.020618556701030927
1555064808310,710103,Manager centralmanager-vm1,0.030612244897959183
1555064809310,711103,Manager centralmanager-vm1,0.010416666666666666
1555064810310,712103,Manager centralmanager-vm1,0.030303030303030304
1555064811310,713103,Manager centralmanager-vm1,0.020618556701030927
1555064812310,714103,Manager centralmanager-vm1,0.020618556701030927
1555064813310,715103,Manager centralmanager-vm1,0.020618556701030927
1555064814310,716103,Manager centralmanager-vm1,0.021052631578947368
1555064815310,717103,Manager centralmanager-vm1,0.020618556701030927
1555064816310,718103,Manager centralmanager-vm1,0.010416666666666666
1555064817311,719104,Manager centralmanager-vm1,0.020618556701030927
1555064818310,720103,Manager centralmanager-vm1,0.010416666666666666
1555064819310,721103,Manager centralmanager-vm1,0.030612244897959183
1555064820310,722103,Manager centralmanager-vm1,0.020618556701030927
1555064821310,723103,Manager centralmanager-vm1,0.010416666666666666
1555064822310,724103,Manager centralmanager-vm1,0.010416666666666666
1555064823310,725103,Manager centralmanager-vm1,0.010416666666666666
1555064824310,726103,Manager centralmanager-vm1,0.010416666666666666
1555064825310,727103,Manager centralmanager-vm1,0.020618556701030927
1555064826310,728103,Manager centralmanager-vm1,0.020618556701030927
1555064827310,729103,Manager centralmanager-vm1,0.02040816326530612
1555064828310,730103,Manager centralmanager-vm1,0.020618556701030927
1555064829310,731103,Manager centralmanager-vm1,0.010416666666666666
1555064830310,732103,Manager centralmanager-vm1,0.010309278350515464
1555064831310,733103,Manager centralmanager-vm1,0.010416666666666666
1555064832310,734103,Manager centralmanager-vm1,0.030612244897959183
1555064833310,735103,Manager centralmanager-vm1,0.010416666666666666
1555064834310,736103,Manager centralmanager-vm1,0.02040816326530612
1555064835310,737103,Manager centralmanager-vm1,0.020618556701030927
1555064836310,738103,Manager centralmanager-vm1,0.020618556701030927
1555064837310,739103,Manager centralmanager-vm1,0.030612244897959183
1555064838310,740103,Manager centralmanager-vm1,0.020618556701030927
1555064839310,741103,Manager centralmanager-vm1,0.020618556701030927
1555064840310,742103,Manager centralmanager-vm1,0.0
1555064841310,743103,Manager centralmanager-vm1,0.020618556701030927
1555064842310,744103,Manager centralmanager-vm1,0.020618556701030927
1555064843310,745103,Manager centralmanager-vm1,0.020618556701030927
1555064844310,746103,Manager centralmanager-vm1,0.010416666666666666
1555064845320,747113,Manager centralmanager-vm1,0.030303030303030304
1555064846310,748103,Manager centralmanager-vm1,0.010526315789473684
1555064847310,749103,Manager centralmanager-vm1,0.020833333333333332
1555064848320,750113,Manager centralmanager-vm1,0.02040816326530612
1555064849310,751103,Manager centralmanager-vm1,0.020833333333333332
1555064850310,752103,Manager centralmanager-vm1,0.04081632653061224
1555064851320,753113,Manager centralmanager-vm1,0.07142857142857142
1555064852310,754103,Manager centralmanager-vm1,0.020833333333333332
1555064853310,755103,Manager centralmanager-vm1,0.020618556701030927
1555064854310,756103,Manager centralmanager-vm1,0.020618556701030927
1555064855310,757103,Manager centralmanager-vm1,0.020833333333333332
1555064856311,758104,Manager centralmanager-vm1,0.020618556701030927
1555064857310,759103,Manager centralmanager-vm1,0.030927835051546393
1555064858310,760103,Manager centralmanager-vm1,0.020833333333333332
1555064859310,761103,Manager centralmanager-vm1,0.020618556701030927
1555064860310,762103,Manager centralmanager-vm1,0.020618556701030927
1555064861310,763103,Manager centralmanager-vm1,0.020833333333333332
1555064862310,764103,Manager centralmanager-vm1,0.010416666666666666
1555064863310,765103,Manager centralmanager-vm1,0.020618556701030927
1555064864310,766103,Manager centralmanager-vm1,0.010416666666666666
1555064865310,767103,Manager centralmanager-vm1,0.010416666666666666
1555064866310,768103,Manager centralmanager-vm1,0.020618556701030927
1555064867310,769103,Manager centralmanager-vm1,0.030612244897959183
1555064868310,770103,Manager centralmanager-vm1,0.010416666666666666
1555064869310,771103,Manager centralmanager-vm1,0.030612244897959183
1555064870310,772103,Manager centralmanager-vm1,0.0
1555064871311,773104,Manager centralmanager-vm1,0.030612244897959183
1555064872310,774103,Manager centralmanager-vm1,0.041666666666666664
1555064873310,775103,Manager centralmanager-vm1,0.010416666666666666
1555064874311,776104,Manager centralmanager-vm1,0.020618556701030927
1555064875310,777103,Manager centralmanager-vm1,0.05102040816326531
1555064876320,778113,Manager centralmanager-vm1,0.020618556701030927
1555064877310,779103,Manager centralmanager-vm1,0.041666666666666664
1555064878310,780103,Manager centralmanager-vm1,0.010416666666666666
1555064879310,781103,Manager centralmanager-vm1,0.020618556701030927
1555064880310,782103,Manager centralmanager-vm1,0.020618556701030927
1555064881310,783103,Manager centralmanager-vm1,0.020618556701030927
1555064882310,784103,Manager centralmanager-vm1,0.030612244897959183
1555064883310,785103,Manager centralmanager-vm1,0.010416666666666666
1555064884310,786103,Manager centralmanager-vm1,0.010416666666666666
1555064885310,787103,Manager centralmanager-vm1,0.02040816326530612
1555064886310,788103,Manager centralmanager-vm1,0.010526315789473684
1555064887310,789103,Manager centralmanager-vm1,0.02040816326530612
1555064888310,790103,Manager centralmanager-vm1,0.010416666666666666
1555064889310,791103,Manager centralmanager-vm1,0.020618556701030927
1555064890310,792103,Manager centralmanager-vm1,0.010416666666666666
1555064891310,793103,Manager centralmanager-vm1,0.020618556701030927
1555064892310,794103,Manager centralmanager-vm1,0.010416666666666666
1555064893310,795103,Manager centralmanager-vm1,0.020618556701030927
1555064894310,796103,Manager centralmanager-vm1,0.010416666666666666
1555064895310,797103,Manager centralmanager-vm1,0.020618556701030927
1555064896310,798103,Manager centralmanager-vm1,0.02040816326530612
1555064897310,799103,Manager centralmanager-vm1,0.030612244897959183
1555064898310,800103,Manager centralmanager-vm1,0.07216494845360824
1555064899320,801113,Manager centralmanager-vm1,0.05050505050505051
1555064900320,802113,Manager centralmanager-vm1,0.020618556701030927
1555064901310,803103,Manager centralmanager-vm1,0.020833333333333332
1555064902310,804103,Manager centralmanager-vm1,0.010309278350515464
1555064903310,805103,Manager centralmanager-vm1,0.030612244897959183
1555064904310,806103,Manager centralmanager-vm1,0.010416666666666666
1555064905310,807103,Manager centralmanager-vm1,0.020618556701030927
1555064906310,808103,Manager centralmanager-vm1,0.010416666666666666
1555064907310,809103,Manager centralmanager-vm1,0.010309278350515464
1555064908310,810103,Manager centralmanager-vm1,0.020618556701030927
1555064909310,811103,Manager centralmanager-vm1,0.020618556701030927
1555064910310,812103,Manager centralmanager-vm1,0.020618556701030927
1555064911310,813103,Manager centralmanager-vm1,0.030927835051546393
1555064912320,814113,Manager centralmanager-vm1,0.02040816326530612
1555064913310,815103,Manager centralmanager-vm1,0.020833333333333332
1555064914310,816103,Manager centralmanager-vm1,0.02040816326530612
1555064915310,817103,Manager centralmanager-vm1,0.010309278350515464
1555064916310,818103,Manager centralmanager-vm1,0.020202020202020204
1555064917310,819103,Manager centralmanager-vm1,0.030303030303030304
1555064918310,820103,Manager centralmanager-vm1,0.010309278350515464
1555064919310,821103,Manager centralmanager-vm1,0.010309278350515464
1555064920310,822103,Manager centralmanager-vm1,0.02040816326530612
1555064921310,823103,Manager centralmanager-vm1,0.010416666666666666
1555064922310,824103,Manager centralmanager-vm1,0.02040816326530612
1555064923310,825103,Manager centralmanager-vm1,0.010309278350515464
1555064924310,826103,Manager centralmanager-vm1,0.010309278350515464
1555064925310,827103,Manager centralmanager-vm1,0.010309278350515464
1555064926310,828103,Manager centralmanager-vm1,0.010309278350515464
1555064927310,829103,Manager centralmanager-vm1,0.010309278350515464
1555064928310,830103,Manager centralmanager-vm1,0.02040816326530612
1555064929310,831103,Manager centralmanager-vm1,0.010309278350515464
1555064930309,832102,Manager centralmanager-vm1,0.01020408163265306
1555064931310,833103,Manager centralmanager-vm1,0.010309278350515464
1555064932310,834103,Manager centralmanager-vm1,0.010416666666666666
1555064933310,835103,Manager centralmanager-vm1,0.0
1555064934310,836103,Manager centralmanager-vm1,0.020618556701030927
1555064935310,837103,Manager centralmanager-vm1,0.020618556701030927
1555064936310,838103,Manager centralmanager-vm1,0.010416666666666666
1555064937310,839103,Manager centralmanager-vm1,0.030612244897959183
1555064938310,840103,Manager centralmanager-vm1,0.010416666666666666
1555064939310,841103,Manager centralmanager-vm1,0.030612244897959183
1555064940310,842103,Manager centralmanager-vm1,0.010416666666666666
1555064941311,843104,Manager centralmanager-vm1,0.020618556701030927
1555064942310,844103,Manager centralmanager-vm1,0.010416666666666666
1555064943310,845103,Manager centralmanager-vm1,0.020618556701030927
1555064944310,846103,Manager centralmanager-vm1,0.010416666666666666
1555064945310,847103,Manager centralmanager-vm1,0.02040816326530612
1555064946310,848103,Manager centralmanager-vm1,0.010526315789473684
1555064947310,849103,Manager centralmanager-vm1,0.020618556701030927
1555064948310,850103,Manager centralmanager-vm1,0.010416666666666666
1555064949310,851103,Manager centralmanager-vm1,0.030612244897959183
1555064950310,852103,Manager centralmanager-vm1,0.010416666666666666
1555064951310,853103,Manager centralmanager-vm1,0.030927835051546393
1555064952320,854113,Manager centralmanager-vm1,0.010309278350515464
1555064953310,855103,Manager centralmanager-vm1,0.030927835051546393
1555064954310,856103,Manager centralmanager-vm1,0.020618556701030927
1555064955310,857103,Manager centralmanager-vm1,0.010416666666666666
1555064956310,858103,Manager centralmanager-vm1,0.010416666666666666
1555064957310,859103,Manager centralmanager-vm1,0.020618556701030927
1555064958310,860103,Manager centralmanager-vm1,0.030612244897959183
1555064959310,861103,Manager centralmanager-vm1,0.13402061855670103
1555064960310,862103,Manager centralmanager-vm1,0.0
1555064961310,863103,Manager centralmanager-vm1,0.02040816326530612
1555064962310,864103,Manager centralmanager-vm1,0.010309278350515464
1555064963310,865103,Manager centralmanager-vm1,0.010526315789473684
1555064964310,866103,Manager centralmanager-vm1,0.010416666666666666
1555064965310,867103,Manager centralmanager-vm1,0.030612244897959183
1555064966310,868103,Manager centralmanager-vm1,0.0
1555064967310,869103,Manager centralmanager-vm1,0.010416666666666666
1555064968310,870103,Manager centralmanager-vm1,0.010416666666666666
1555064969310,871103,Manager centralmanager-vm1,0.020618556701030927
1555064970310,872103,Manager centralmanager-vm1,0.010416666666666666
1555064971310,873103,Manager centralmanager-vm1,0.030612244897959183
1555064972310,874103,Manager centralmanager-vm1,0.010416666666666666
1555064973310,875103,Manager centralmanager-vm1,0.010416666666666666
1555064974310,876103,Manager centralmanager-vm1,0.030612244897959183
1555064975310,877103,Manager centralmanager-vm1,0.030927835051546393
1555064976320,878113,Manager centralmanager-vm1,0.02040816326530612
1555064977310,879103,Manager centralmanager-vm1,0.010526315789473684
1555064978310,880103,Manager centralmanager-vm1,0.020618556701030927
1555064979310,881103,Manager centralmanager-vm1,0.030612244897959183
1555064980310,882103,Manager centralmanager-vm1,0.010416666666666666
1555064981310,883103,Manager centralmanager-vm1,0.020618556701030927
1555064982310,884103,Manager centralmanager-vm1,0.010416666666666666
1555064983310,885103,Manager centralmanager-vm1,0.020618556701030927
1555064984310,886103,Manager centralmanager-vm1,0.020618556701030927
1555064985310,887103,Manager centralmanager-vm1,0.0
1555064986310,888103,Manager centralmanager-vm1,0.030612244897959183
1555064987310,889103,Manager centralmanager-vm1,0.010416666666666666
1555064988310,890103,Manager centralmanager-vm1,0.010416666666666666
1555064989310,891103,Manager centralmanager-vm1,0.010416666666666666
1555064990310,892103,Manager centralmanager-vm1,0.020618556701030927
1555064991310,893103,Manager centralmanager-vm1,0.020618556701030927
1555064992310,894103,Manager centralmanager-vm1,0.02040816326530612
1555064993310,895103,Manager centralmanager-vm1,0.0
1555064994310,896103,Manager centralmanager-vm1,0.020202020202020204
1555064995310,897103,Manager centralmanager-vm1,0.010309278350515464
1555064996310,898103,Manager centralmanager-vm1,0.0
1555064997310,899103,Manager centralmanager-vm1,0.010309278350515464
1555064998310,900103,Manager centralmanager-vm1,0.020202020202020204
1555064999310,901103,Manager centralmanager-vm1,0.010309278350515464
1555065000310,902103,Manager centralmanager-vm1,0.02040816326530612
1555065001310,903103,Manager centralmanager-vm1,0.02040816326530612
1555065002310,904103,Manager centralmanager-vm1,0.0
1555065003310,905103,Manager centralmanager-vm1,0.010309278350515464
1555065004310,906103,Manager centralmanager-vm1,0.02040816326530612
1555065005310,907103,Manager centralmanager-vm1,0.010309278350515464
1555065006310,908103,Manager centralmanager-vm1,0.0
1555065007310,909103,Manager centralmanager-vm1,0.030303030303030304
1555065008310,910103,Manager centralmanager-vm1,0.01020408163265306
1555065009310,911103,Manager centralmanager-vm1,0.010309278350515464
1555065010310,912103,Manager centralmanager-vm1,0.010309278350515464
1555065011310,913103,Manager centralmanager-vm1,0.0
1555065012310,914103,Manager centralmanager-vm1,0.0
1555065013310,915103,Manager centralmanager-vm1,0.010309278350515464
1555065014310,916103,Manager centralmanager-vm1,0.01020408163265306
1555065015310,917103,Manager centralmanager-vm1,0.010416666666666666
1555065016310,918103,Manager centralmanager-vm1,0.030612244897959183
1555065017310,919103,Manager centralmanager-vm1,0.020618556701030927
1555065018311,920104,Manager centralmanager-vm1,0.010309278350515464
1555065019310,921103,Manager centralmanager-vm1,0.020618556701030927
1555065020310,922103,Manager centralmanager-vm1,0.020618556701030927
1555065021310,923103,Manager centralmanager-vm1,0.020833333333333332
1555065022310,924103,Manager centralmanager-vm1,0.020618556701030927
1555065023310,925103,Manager centralmanager-vm1,0.030612244897959183
1555065024310,926103,Manager centralmanager-vm1,0.010416666666666666
1555065025310,927103,Manager centralmanager-vm1,0.020618556701030927
1555065026310,928103,Manager centralmanager-vm1,0.010416666666666666
1555065027310,929103,Manager centralmanager-vm1,0.020618556701030927
1555065028309,930102,Manager centralmanager-vm1,0.020618556701030927
1555065029310,931103,Manager centralmanager-vm1,0.010416666666666666
1555065030310,932103,Manager centralmanager-vm1,0.02040816326530612
1555065031310,933103,Manager centralmanager-vm1,0.010526315789473684
1555065032310,934103,Manager centralmanager-vm1,0.020618556701030927
1555065033310,935103,Manager centralmanager-vm1,0.020618556701030927
1555065034310,936103,Manager centralmanager-vm1,0.030303030303030304
1555065035310,937103,Manager centralmanager-vm1,0.0
1555065036310,938103,Manager centralmanager-vm1,0.020618556701030927
1555065037310,939103,Manager centralmanager-vm1,0.020618556701030927
1555065038310,940103,Manager centralmanager-vm1,0.030612244897959183
1555065039310,941103,Manager centralmanager-vm1,0.021052631578947368
1555065040320,942113,Manager centralmanager-vm1,0.01020408163265306
1555065041310,943103,Manager centralmanager-vm1,0.021052631578947368
1555065042310,944103,Manager centralmanager-vm1,0.010416666666666666
1555065043310,945103,Manager centralmanager-vm1,0.010416666666666666
1555065044310,946103,Manager centralmanager-vm1,0.010416666666666666
1555065045310,947103,Manager centralmanager-vm1,0.020618556701030927
1555065046310,948103,Manager centralmanager-vm1,0.0
1555065047310,949103,Manager centralmanager-vm1,0.030927835051546393
1555065048320,950113,Manager centralmanager-vm1,0.02040816326530612
1555065049310,951103,Manager centralmanager-vm1,0.020618556701030927
1555065050310,952103,Manager centralmanager-vm1,0.010526315789473684
1555065051310,953103,Manager centralmanager-vm1,0.020618556701030927
1555065052310,954103,Manager centralmanager-vm1,0.020618556701030927
1555065053310,955103,Manager centralmanager-vm1,0.010416666666666666
1555065054310,956103,Manager centralmanager-vm1,0.030612244897959183
1555065055310,957103,Manager centralmanager-vm1,0.010416666666666666
1555065056310,958103,Manager centralmanager-vm1,0.020618556701030927
1555065057310,959103,Manager centralmanager-vm1,0.020618556701030927
1555065058310,960103,Manager centralmanager-vm1,0.010416666666666666
1555065059310,961103,Manager centralmanager-vm1,0.010416666666666666
1555065060310,962103,Manager centralmanager-vm1,0.030612244897959183
1555065061310,963103,Manager centralmanager-vm1,0.010416666666666666
1555065062310,964103,Manager centralmanager-vm1,0.010416666666666666
1555065063311,965104,Manager centralmanager-vm1,0.030612244897959183
1555065064310,966103,Manager centralmanager-vm1,0.010416666666666666
1555065065311,967104,Manager centralmanager-vm1,0.020618556701030927
1555065066310,968103,Manager centralmanager-vm1,0.020618556701030927
1555065067310,969103,Manager centralmanager-vm1,0.020618556701030927
1555065068310,970103,Manager centralmanager-vm1,0.010416666666666666
1555065069310,971103,Manager centralmanager-vm1,0.030927835051546393
1555065070310,972103,Manager centralmanager-vm1,0.010416666666666666
1555065071310,973103,Manager centralmanager-vm1,0.020618556701030927
1555065072310,974103,Manager centralmanager-vm1,0.030612244897959183
1555065073320,975113,Manager centralmanager-vm1,0.010416666666666666
1555065074310,976103,Manager centralmanager-vm1,0.020618556701030927
1555065075311,977104,Manager centralmanager-vm1,0.0
1555065076310,978103,Manager centralmanager-vm1,0.030927835051546393
1555065077310,979103,Manager centralmanager-vm1,0.030612244897959183
1555065078310,980103,Manager centralmanager-vm1,0.020618556701030927
1555065079310,981103,Manager centralmanager-vm1,0.010416666666666666
1555065080311,982104,Manager centralmanager-vm1,0.020618556701030927
1555065081310,983103,Manager centralmanager-vm1,0.010416666666666666
1555065082310,984103,Manager centralmanager-vm1,0.020618556701030927
1555065083310,985103,Manager centralmanager-vm1,0.010416666666666666
1555065084310,986103,Manager centralmanager-vm1,0.030612244897959183
1555065085310,987103,Manager centralmanager-vm1,0.010416666666666666
1555065086310,988103,Manager centralmanager-vm1,0.010416666666666666
1555065087310,989103,Manager centralmanager-vm1,0.010309278350515464
1555065088310,990103,Manager centralmanager-vm1,0.010416666666666666
1555065089310,991103,Manager centralmanager-vm1,0.020618556701030927
1555065090310,992103,Manager centralmanager-vm1,0.010416666666666666
1555065091310,993103,Manager centralmanager-vm1,0.02040816326530612
1555065092310,994103,Manager centralmanager-vm1,0.020618556701030927
1555065093310,995103,Manager centralmanager-vm1,0.020618556701030927
1555065094310,996103,Manager centralmanager-vm1,0.020618556701030927
1555065095310,997103,Manager centralmanager-vm1,0.010309278350515464
1555065096310,998103,Manager centralmanager-vm1,0.030612244897959183
1555065097310,999103,Manager centralmanager-vm1,0.020618556701030927
1555065098310,1000103,Manager centralmanager-vm1,0.010416666666666666
1555065099310,1001103,Manager centralmanager-vm1,0.02040816326530612
1555065100310,1002103,Manager centralmanager-vm1,0.020618556701030927
1555065101310,1003103,Manager centralmanager-vm1,0.020618556701030927
1555065102310,1004103,Manager centralmanager-vm1,0.020618556701030927
1555065103310,1005103,Manager centralmanager-vm1,0.030927835051546393
1555065104320,1006113,Manager centralmanager-vm1,0.010309278350515464
1555065105310,1007103,Manager centralmanager-vm1,0.03125
1555065106310,1008103,Manager centralmanager-vm1,0.020618556701030927
1555065107310,1009103,Manager centralmanager-vm1,0.020618556701030927
1555065108311,1010104,Manager centralmanager-vm1,0.010416666666666666
1555065109310,1011103,Manager centralmanager-vm1,0.010416666666666666
1555065110310,1012103,Manager centralmanager-vm1,0.010526315789473684
1555065111310,1013103,Manager centralmanager-vm1,0.010416666666666666
1555065112310,1014103,Manager centralmanager-vm1,0.010309278350515464
1555065113310,1015103,Manager centralmanager-vm1,0.010526315789473684
1555065114310,1016103,Manager centralmanager-vm1,0.020618556701030927
1555065115310,1017103,Manager centralmanager-vm1,0.010416666666666666
1555065116310,1018103,Manager centralmanager-vm1,0.020618556701030927
1555065117310,1019103,Manager centralmanager-vm1,0.010416666666666666
1555065118310,1020103,Manager centralmanager-vm1,0.010416666666666666
1555065119310,1021103,Manager centralmanager-vm1,0.02040816326530612
1555065120310,1022103,Manager centralmanager-vm1,0.030612244897959183
1555065121310,1023103,Manager centralmanager-vm1,0.010416666666666666
1555065122310,1024103,Manager centralmanager-vm1,0.020618556701030927
1555065123310,1025103,Manager centralmanager-vm1,0.041237113402061855
1555065124310,1026103,Manager centralmanager-vm1,0.010309278350515464
1555065125310,1027103,Manager centralmanager-vm1,0.020833333333333332
1555065126310,1028103,Manager centralmanager-vm1,0.020618556701030927
1555065127310,1029103,Manager centralmanager-vm1,0.010416666666666666
1555065128310,1030103,Manager centralmanager-vm1,0.02040816326530612
1555065129310,1031103,Manager centralmanager-vm1,0.010416666666666666
1555065130310,1032103,Manager centralmanager-vm1,0.020618556701030927
1555065131310,1033103,Manager centralmanager-vm1,0.010416666666666666
1555065132310,1034103,Manager centralmanager-vm1,0.010416666666666666
1555065133310,1035103,Manager centralmanager-vm1,0.020618556701030927
1555065134310,1036103,Manager centralmanager-vm1,0.020618556701030927
1555065135310,1037103,Manager centralmanager-vm1,0.010416666666666666
1555065136310,1038103,Manager centralmanager-vm1,0.020618556701030927
1555065137310,1039103,Manager centralmanager-vm1,0.010416666666666666
1555065138310,1040103,Manager centralmanager-vm1,0.02040816326530612
1555065139310,1041103,Manager centralmanager-vm1,0.020618556701030927
1555065140310,1042103,Manager centralmanager-vm1,0.010416666666666666
1555065141310,1043103,Manager centralmanager-vm1,0.010416666666666666
1555065142310,1044103,Manager centralmanager-vm1,0.010416666666666666
1555065143310,1045103,Manager centralmanager-vm1,0.020618556701030927
1555065144310,1046103,Manager centralmanager-vm1,0.010416666666666666
1555065145310,1047103,Manager centralmanager-vm1,0.02040816326530612
1555065146310,1048103,Manager centralmanager-vm1,0.020833333333333332
1555065147310,1049103,Manager centralmanager-vm1,0.020618556701030927
1555065148310,1050103,Manager centralmanager-vm1,0.010309278350515464
1555065149310,1051103,Manager centralmanager-vm1,0.010416666666666666
1555065150310,1052103,Manager centralmanager-vm1,0.010416666666666666
1555065151310,1053103,Manager centralmanager-vm1,0.010416666666666666
1555065152310,1054103,Manager centralmanager-vm1,0.010416666666666666
1555065153310,1055103,Manager centralmanager-vm1,0.010309278350515464
1555065154310,1056103,Manager centralmanager-vm1,0.030927835051546393
1555065155310,1057103,Manager centralmanager-vm1,0.010416666666666666
1555065156310,1058103,Manager centralmanager-vm1,0.030612244897959183
1555065157310,1059103,Manager centralmanager-vm1,0.030612244897959183
1555065158310,1060103,Manager centralmanager-vm1,0.0
1555065159310,1061103,Manager centralmanager-vm1,0.020618556701030927
1555065160310,1062103,Manager centralmanager-vm1,0.010416666666666666
1555065161310,1063103,Manager centralmanager-vm1,0.020618556701030927
1555065162310,1064103,Manager centralmanager-vm1,0.02040816326530612
1555065163310,1065103,Manager centralmanager-vm1,0.010416666666666666
1555065164310,1066103,Manager centralmanager-vm1,0.010416666666666666
1555065165310,1067103,Manager centralmanager-vm1,0.020618556701030927
1555065166310,1068103,Manager centralmanager-vm1,0.02040816326530612
1555065167310,1069103,Manager centralmanager-vm1,0.021052631578947368
1555065168320,1070113,Manager centralmanager-vm1,0.02040816326530612
1555065169310,1071103,Manager centralmanager-vm1,0.010416666666666666
1555065170310,1072103,Manager centralmanager-vm1,0.020618556701030927
1555065171310,1073103,Manager centralmanager-vm1,0.010416666666666666
1555065172310,1074103,Manager centralmanager-vm1,0.020618556701030927
1555065173310,1075103,Manager centralmanager-vm1,0.010309278350515464
1555065174310,1076103,Manager centralmanager-vm1,0.010416666666666666
1555065175310,1077103,Manager centralmanager-vm1,0.010416666666666666
1555065176310,1078103,Manager centralmanager-vm1,0.010416666666666666
1555065177310,1079103,Manager centralmanager-vm1,0.030303030303030304
1555065178310,1080103,Manager centralmanager-vm1,0.020618556701030927
1555065179310,1081103,Manager centralmanager-vm1,0.020618556701030927
1555065180310,1082103,Manager centralmanager-vm1,0.010416666666666666
1555065181310,1083103,Manager centralmanager-vm1,0.030612244897959183
1555065182310,1084103,Manager centralmanager-vm1,0.010416666666666666
1555065183310,1085103,Manager centralmanager-vm1,0.030612244897959183
1555065184310,1086103,Manager centralmanager-vm1,0.010309278350515464
1555065185310,1087103,Manager centralmanager-vm1,0.020618556701030927
1555065186310,1088103,Manager centralmanager-vm1,0.0
1555065187310,1089103,Manager centralmanager-vm1,0.030612244897959183
1555065188310,1090103,Manager centralmanager-vm1,0.010416666666666666
1555065189310,1091103,Manager centralmanager-vm1,0.010416666666666666
1555065190310,1092103,Manager centralmanager-vm1,0.020618556701030927
1555065191310,1093103,Manager centralmanager-vm1,0.020202020202020204
1555065192310,1094103,Manager centralmanager-vm1,0.020618556701030927
1555065193310,1095103,Manager centralmanager-vm1,0.020618556701030927
1555065194310,1096103,Manager centralmanager-vm1,0.010416666666666666
1555065195310,1097103,Manager centralmanager-vm1,0.010416666666666666
1555065196310,1098103,Manager centralmanager-vm1,0.02040816326530612
1555065197310,1099103,Manager centralmanager-vm1,0.010416666666666666
1555065198310,1100103,Manager centralmanager-vm1,0.02040816326530612
1555065199310,1101103,Manager centralmanager-vm1,0.010416666666666666
1555065200310,1102103,Manager centralmanager-vm1,0.030612244897959183
1555065201311,1103104,Manager centralmanager-vm1,0.020618556701030927
1555065202310,1104103,Manager centralmanager-vm1,0.020618556701030927
1555065203310,1105103,Manager centralmanager-vm1,0.010309278350515464
1555065204311,1106104,Manager centralmanager-vm1,0.020618556701030927
1555065205310,1107103,Manager centralmanager-vm1,0.010416666666666666
1555065206310,1108103,Manager centralmanager-vm1,0.030612244897959183
1555065207310,1109103,Manager centralmanager-vm1,0.010416666666666666
1555065208310,1110103,Manager centralmanager-vm1,0.010309278350515464
1555065209310,1111103,Manager centralmanager-vm1,0.020833333333333332
1555065210310,1112103,Manager centralmanager-vm1,0.030303030303030304
1555065211310,1113103,Manager centralmanager-vm1,0.010526315789473684
1555065212310,1114103,Manager centralmanager-vm1,0.010309278350515464
1555065213310,1115103,Manager centralmanager-vm1,0.020618556701030927
1555065214310,1116103,Manager centralmanager-vm1,0.020618556701030927
1555065215310,1117103,Manager centralmanager-vm1,0.010416666666666666
1555065216310,1118103,Manager centralmanager-vm1,0.02040816326530612
1555065217310,1119103,Manager centralmanager-vm1,0.030927835051546393
1555065218310,1120103,Manager centralmanager-vm1,0.010416666666666666
1555065219310,1121103,Manager centralmanager-vm1,0.010416666666666666
1555065220310,1122103,Manager centralmanager-vm1,0.020618556701030927
1555065221310,1123103,Manager centralmanager-vm1,0.020618556701030927
1555065222310,1124103,Manager centralmanager-vm1,0.010416666666666666
1555065223310,1125103,Manager centralmanager-vm1,0.020618556701030927
1555065224310,1126103,Manager centralmanager-vm1,0.020618556701030927
1555065225309,1127102,Manager centralmanager-vm1,0.010416666666666666
1555065226310,1128103,Manager centralmanager-vm1,0.010416666666666666
1555065227310,1129103,Manager centralmanager-vm1,0.020618556701030927
1555065228310,1130103,Manager centralmanager-vm1,0.010416666666666666
1555065229310,1131103,Manager centralmanager-vm1,0.030612244897959183
1555065230310,1132103,Manager centralmanager-vm1,0.030927835051546393
1555065231310,1133103,Manager centralmanager-vm1,0.0
1555065232310,1134103,Manager centralmanager-vm1,0.021052631578947368
1555065233310,1135103,Manager centralmanager-vm1,0.010416666666666666
1555065234310,1136103,Manager centralmanager-vm1,0.0
1555065235310,1137103,Manager centralmanager-vm1,0.020618556701030927
1555065236310,1138103,Manager centralmanager-vm1,0.020618556701030927
1555065237310,1139103,Manager centralmanager-vm1,0.010416666666666666
1555065238310,1140103,Manager centralmanager-vm1,0.010416666666666666
1555065239310,1141103,Manager centralmanager-vm1,0.16326530612244897
1555065240320,1142113,Manager centralmanager-vm1,0.05154639175257732
1555065241310,1143103,Manager centralmanager-vm1,0.04081632653061224
1555065242310,1144103,Manager centralmanager-vm1,0.020618556701030927
1555065243310,1145103,Manager centralmanager-vm1,0.010416666666666666
1555065244310,1146103,Manager centralmanager-vm1,0.010416666666666666
1555065245310,1147103,Manager centralmanager-vm1,0.010416666666666666
1555065246310,1148103,Manager centralmanager-vm1,0.020618556701030927
1555065247310,1149103,Manager centralmanager-vm1,0.010309278350515464
1555065248310,1150103,Manager centralmanager-vm1,0.010416666666666666
1555065249310,1151103,Manager centralmanager-vm1,0.020618556701030927
1555065250310,1152103,Manager centralmanager-vm1,0.010416666666666666
1555065251310,1153103,Manager centralmanager-vm1,0.010416666666666666
1555065252310,1154103,Manager centralmanager-vm1,0.020618556701030927
1555065253310,1155103,Manager centralmanager-vm1,0.03125
1555065254310,1156103,Manager centralmanager-vm1,0.030927835051546393
1555065255310,1157103,Manager centralmanager-vm1,0.020618556701030927
1555065256310,1158103,Manager centralmanager-vm1,0.010309278350515464
1555065257311,1159104,Manager centralmanager-vm1,0.04081632653061224
1555065258310,1160103,Manager centralmanager-vm1,0.020618556701030927
1555065259310,1161103,Manager centralmanager-vm1,0.0
1555065260310,1162103,Manager centralmanager-vm1,0.020618556701030927
1555065261310,1163103,Manager centralmanager-vm1,0.010526315789473684
1555065262310,1164103,Manager centralmanager-vm1,0.030612244897959183
1555065263310,1165103,Manager centralmanager-vm1,0.010309278350515464
1555065264310,1166103,Manager centralmanager-vm1,0.030612244897959183
1555065265310,1167103,Manager centralmanager-vm1,0.010416666666666666
1555065266310,1168103,Manager centralmanager-vm1,0.010416666666666666
1555065267310,1169103,Manager centralmanager-vm1,0.020618556701030927
1555065268310,1170103,Manager centralmanager-vm1,0.020618556701030927
1555065269310,1171103,Manager centralmanager-vm1,0.010416666666666666
1555065270310,1172103,Manager centralmanager-vm1,0.010416666666666666
1555065271310,1173103,Manager centralmanager-vm1,0.030927835051546393
1555065272310,1174103,Manager centralmanager-vm1,0.010416666666666666
1555065273310,1175103,Manager centralmanager-vm1,0.010416666666666666
1555065274310,1176103,Manager centralmanager-vm1,0.020618556701030927
1555065275310,1177103,Manager centralmanager-vm1,0.0
1555065276310,1178103,Manager centralmanager-vm1,0.020618556701030927
1555065277310,1179103,Manager centralmanager-vm1,0.010416666666666666
1555065278310,1180103,Manager centralmanager-vm1,0.010416666666666666
1555065279310,1181103,Manager centralmanager-vm1,0.020618556701030927
1555065280310,1182103,Manager centralmanager-vm1,0.010416666666666666
1555065281310,1183103,Manager centralmanager-vm1,0.020618556701030927
1555065282310,1184103,Manager centralmanager-vm1,0.010526315789473684
1555065283310,1185103,Manager centralmanager-vm1,0.020618556701030927
1555065284310,1186103,Manager centralmanager-vm1,0.020618556701030927
1555065285310,1187103,Manager centralmanager-vm1,0.0
1555065286310,1188103,Manager centralmanager-vm1,0.020618556701030927
1555065287310,1189103,Manager centralmanager-vm1,0.02040816326530612
1555065288310,1190103,Manager centralmanager-vm1,0.010526315789473684
1555065289310,1191103,Manager centralmanager-vm1,0.010416666666666666
1555065290310,1192103,Manager centralmanager-vm1,0.030303030303030304
1555065291310,1193103,Manager centralmanager-vm1,0.020618556701030927
1555065292310,1194103,Manager centralmanager-vm1,0.020618556701030927
1555065293310,1195103,Manager centralmanager-vm1,0.010416666666666666
1555065294310,1196103,Manager centralmanager-vm1,0.010416666666666666
1555065295310,1197103,Manager centralmanager-vm1,0.020618556701030927
1555065296310,1198103,Manager centralmanager-vm1,0.05102040816326531
1555065297310,1199103,Manager centralmanager-vm1,0.010416666666666666
1555065298310,1200103,Manager centralmanager-vm1,0.010416666666666666
1555065299310,1201103,Manager centralmanager-vm1,0.020618556701030927
1555065300310,1202103,Manager centralmanager-vm1,0.11458333333333333
1555065301320,1203113,Manager centralmanager-vm1,0.010309278350515464
1555065302310,1204103,Manager centralmanager-vm1,0.021052631578947368
1555065303310,1205103,Manager centralmanager-vm1,0.030927835051546393
1555065304310,1206103,Manager centralmanager-vm1,0.04081632653061224
1555065305310,1207103,Manager centralmanager-vm1,0.020833333333333332
1555065306310,1208103,Manager centralmanager-vm1,0.030612244897959183
1555065307311,1209104,Manager centralmanager-vm1,0.020618556701030927
1555065308310,1210103,Manager centralmanager-vm1,0.031578947368421054
1555065309310,1211103,Manager centralmanager-vm1,0.030927835051546393
1555065310320,1212113,Manager centralmanager-vm1,0.10309278350515463
1555065311320,1213113,Manager centralmanager-vm1,0.030927835051546393
1555065312310,1214103,Manager centralmanager-vm1,0.09278350515463918
1555065313320,1215113,Manager centralmanager-vm1,0.01020408163265306
1555065314310,1216103,Manager centralmanager-vm1,0.020833333333333332
1555065315310,1217103,Manager centralmanager-vm1,0.041237113402061855
1555065316320,1218113,Manager centralmanager-vm1,0.010309278350515464
1555065317310,1219103,Manager centralmanager-vm1,0.031578947368421054
1555065318320,1220113,Manager centralmanager-vm1,0.02040816326530612
1555065319310,1221103,Manager centralmanager-vm1,0.020833333333333332
1555065320310,1222103,Manager centralmanager-vm1,0.020833333333333332
1555065321310,1223103,Manager centralmanager-vm1,0.030927835051546393
1555065322310,1224103,Manager centralmanager-vm1,0.020618556701030927
1555065323310,1225103,Manager centralmanager-vm1,0.020618556701030927
1555065324310,1226103,Manager centralmanager-vm1,0.010416666666666666
1555065325310,1227103,Manager centralmanager-vm1,0.010416666666666666
1555065326310,1228103,Manager centralmanager-vm1,0.030612244897959183
1555065327310,1229103,Manager centralmanager-vm1,0.020618556701030927
1555065328310,1230103,Manager centralmanager-vm1,0.010416666666666666
1555065329310,1231103,Manager centralmanager-vm1,0.0
1555065330310,1232103,Manager centralmanager-vm1,0.020618556701030927
1555065331310,1233103,Manager centralmanager-vm1,0.010416666666666666
1555065332310,1234103,Manager centralmanager-vm1,0.020618556701030927
1555065333310,1235103,Manager centralmanager-vm1,0.020833333333333332
1555065334310,1236103,Manager centralmanager-vm1,0.030612244897959183
1555065335310,1237103,Manager centralmanager-vm1,0.02040816326530612
1555065336309,1238102,Manager centralmanager-vm1,0.010416666666666666
1555065337310,1239103,Manager centralmanager-vm1,0.020618556701030927
1555065338309,1240102,Manager centralmanager-vm1,0.0
1555065339310,1241103,Manager centralmanager-vm1,0.010416666666666666
1555065340314,1242107,Manager centralmanager-vm1,0.030612244897959183
1555065341310,1243103,Manager centralmanager-vm1,0.030927835051546393
1555065342310,1244103,Manager centralmanager-vm1,0.020833333333333332
1555065343310,1245103,Manager centralmanager-vm1,0.010416666666666666
1555065344310,1246103,Manager centralmanager-vm1,0.030612244897959183
1555065345313,1247106,Manager centralmanager-vm1,0.010416666666666666
1555065346310,1248103,Manager centralmanager-vm1,0.010416666666666666
1555065347310,1249103,Manager centralmanager-vm1,0.020618556701030927
1555065348310,1250103,Manager centralmanager-vm1,0.010416666666666666
1555065349310,1251103,Manager centralmanager-vm1,0.020618556701030927
1555065350310,1252103,Manager centralmanager-vm1,0.010416666666666666
1555065351310,1253103,Manager centralmanager-vm1,0.041666666666666664
1555065352310,1254103,Manager centralmanager-vm1,0.030303030303030304
1555065353310,1255103,Manager centralmanager-vm1,0.020618556701030927
1555065354310,1256103,Manager centralmanager-vm1,0.010416666666666666
1555065355310,1257103,Manager centralmanager-vm1,0.010416666666666666
1555065356310,1258103,Manager centralmanager-vm1,0.020618556701030927
1555065357310,1259103,Manager centralmanager-vm1,0.020618556701030927
1555065358310,1260103,Manager centralmanager-vm1,0.0
1555065359310,1261103,Manager centralmanager-vm1,0.020833333333333332
1555065360310,1262103,Manager centralmanager-vm1,0.030927835051546393
1555065361310,1263103,Manager centralmanager-vm1,0.010416666666666666
1555065362310,1264103,Manager centralmanager-vm1,0.010416666666666666
1555065363310,1265103,Manager centralmanager-vm1,0.030612244897959183
1555065364310,1266103,Manager centralmanager-vm1,0.010416666666666666
1555065365310,1267103,Manager centralmanager-vm1,0.020618556701030927
1555065366310,1268103,Manager centralmanager-vm1,0.010416666666666666
1555065367310,1269103,Manager centralmanager-vm1,0.0
1555065368310,1270103,Manager centralmanager-vm1,0.010416666666666666
1555065369310,1271103,Manager centralmanager-vm1,0.010416666666666666
1555065370310,1272103,Manager centralmanager-vm1,0.020618556701030927
1555065371310,1273103,Manager centralmanager-vm1,0.020618556701030927
1555065372310,1274103,Manager centralmanager-vm1,0.010416666666666666
1555065373310,1275103,Manager centralmanager-vm1,0.030612244897959183
1555065374310,1276103,Manager centralmanager-vm1,0.010309278350515464
1555065375310,1277103,Manager centralmanager-vm1,0.010416666666666666
1555065376310,1278103,Manager centralmanager-vm1,0.020618556701030927
1555065377310,1279103,Manager centralmanager-vm1,0.010416666666666666
1555065378310,1280103,Manager centralmanager-vm1,0.020833333333333332
1555065379310,1281103,Manager centralmanager-vm1,0.020618556701030927
1555065380310,1282103,Manager centralmanager-vm1,0.010416666666666666
1555065381310,1283103,Manager centralmanager-vm1,0.020618556701030927
1555065382310,1284103,Manager centralmanager-vm1,0.020618556701030927
1555065383310,1285103,Manager centralmanager-vm1,0.010416666666666666
1555065384310,1286103,Manager centralmanager-vm1,0.020618556701030927
1555065385310,1287103,Manager centralmanager-vm1,0.020618556701030927
1555065386310,1288103,Manager centralmanager-vm1,0.020618556701030927
1555065387310,1289103,Manager centralmanager-vm1,0.010416666666666666
1555065388310,1290103,Manager centralmanager-vm1,0.010416666666666666
1555065389310,1291103,Manager centralmanager-vm1,0.020618556701030927
1555065390310,1292103,Manager centralmanager-vm1,0.020833333333333332
1555065391310,1293103,Manager centralmanager-vm1,0.020833333333333332
1555065392310,1294103,Manager centralmanager-vm1,0.030612244897959183
